prioridad,id,nombre,categorias_actuales,url
P1 - carta rota + sin categoría,114737,Bolso RFLCTIV Rainbow Reflective Tri-Strap,NINGUNA,https://www.boykot.cl/tienda/uncategorized/bolso-rflctiv/
P1 - carta rota + sin categoría,114685,Chaqueta RFLCTIV Rainbow Reflective Jacket L,NINGUNA,https://www.boykot.cl/tienda/uncategorized/chaqueta-rflctiv-rainbow-reflective-jacket/
P1 - carta rota + sin categoría,114553,Bolso Essential Shoulder Bag  – Olive,NINGUNA,https://www.boykot.cl/tienda/uncategorized/bolso-essential-shoulder-bag/
P1 - carta rota + sin categoría,114517,Bolso EDC Essential Shoulder Bag (Black),NINGUNA,https://www.boykot.cl/tienda/uncategorized/bolso-edc-essential-shoulder-bag/
P1 - carta rota + sin categoría,114367,Polerón The Watchers Hoodie (Pigment Black) M,NINGUNA,https://www.boykot.cl/tienda/uncategorized/poleron-the-watchers-hoodie/
P2 - carta rota (restock),208979,Canson XL Croquis,Croqueras|Papeles,https://www.boykot.cl/tienda/materiales/papeles/croqueras-papeles/canson-xl-croquis/
P2 - carta rota (restock),117868,Canson croquera anillada 1557 A5-A4,Croqueras|Croqueras,https://www.boykot.cl/tienda/materiales/papeles/croqueras-papeles/canson-croquera-anillada-1557-a5-a4/
P2 - carta rota (restock),116950,Cordones Planos – Dark Brown,Cordones|Cordones Planos Básicos,https://www.boykot.cl/tienda/pintura/angelus/cordones/cordones-planos-dark-brown/
P2 - carta rota (restock),116936,Cordones Planos – Light Beige,Cordones|Cordones Planos Básicos,https://www.boykot.cl/tienda/pintura/angelus/cordones/cordones-planos-light-beige/
P2 - carta rota (restock),116901,Cordones Planos – Brown,Cordones|Cordones Planos Básicos,https://www.boykot.cl/tienda/pintura/angelus/cordones/cordones-planos-brown/
P2 - carta rota (restock),116894,Cordones Planos – Beige,Cordones,https://www.boykot.cl/tienda/pintura/angelus/cordones/cordones-planos-beige/
P2 - carta rota (restock),116880,Cordones Planos – Lilac,Cordones|Cordones Planos Básicos,https://www.boykot.cl/tienda/pintura/angelus/cordones/cordones-planos-lilac/
P2 - carta rota (restock),116859,Cordones Planos – Pale Yellow,Cordones|Cordones Planos Básicos,https://www.boykot.cl/tienda/pintura/angelus/cordones/cordones-planos-pale-yellow/
P2 - carta rota (restock),116741,Cordones Planos – Pink,Cordones|Cordones Planos Básicos,https://www.boykot.cl/tienda/pintura/angelus/cordones/cordones-planos-pink/
P2 - carta rota (restock),116734,Cordones Planos – Navy Blue,Cordones|Cordones Planos Básicos,https://www.boykot.cl/tienda/pintura/angelus/cordones/cordones-planos-navy-blue/
P2 - carta rota (restock),116683,Cordones Ovalados – White,Cordones|Cordones Redondos Ovalados,https://www.boykot.cl/tienda/pintura/angelus/cordones/cordones-ovalados-white/
P2 - carta rota (restock),116650,Cordones Planos Luxury Leather – Gold/Gold Plated,Cordones|Cordones Planos de Cuero,https://www.boykot.cl/tienda/pintura/angelus/cordones/cordones-planos-luxury-leather-gold-gold-plated/
P2 - carta rota (restock),116097,Cordones Redondos Bota – Black/Tan,Cordones|Cordones Redondos para Bota,https://www.boykot.cl/tienda/pintura/angelus/cordones/cordones-redondos-para-bota-black-tan/
P2 - carta rota (restock),97939,Posterman Biggie 50,Kuretake|Marcadores,https://www.boykot.cl/tienda/marcadores/posterman-biggie-50/
P2 - carta rota (restock),97124,Marcador Copic Kirarina 2win Scented,Color|Kirarina|Marcadores,https://www.boykot.cl/tienda/marcadores/kirarina/marcador-copic-kirarina-2win-scented/
P2 - carta rota (restock),85586,Acrylic Ink Refillable Marker,Accesorios Holbein|Empty,https://www.boykot.cl/tienda/pintura/holbein/accesorios-holbein/acrylic-ink-refillable-marker/
P2 - carta rota (restock),73259,"Multiliner Sp Copic Color 0,3 mm",Copic,https://www.boykot.cl/tienda/marcadores/copic-markers/multiliner-sp-copic-color-03-mm/
P2 - carta rota (restock),71012,ACRYLIC MARKER ONE4ALL 427HS 15mm,Color|Marcadores pintura|ONE4ALL,https://www.boykot.cl/tienda/marcadores/molotow-markers/one4all/marker-427-one4all-acryl-15mm/
P2 - carta rota (restock),61682,Libreta Hahnemühle Nostalgie 190 grs. 80 hojas,Croqueras|Papeles,https://www.boykot.cl/tienda/materiales/papeles/croqueras-papeles/croquera-hahnemuhle-nostalgie-190-grs-80-hojas-a6-vertical/
P2 - carta rota (restock),52511,Golden GAC 900 (textil),Sellantes y aditivos,https://www.boykot.cl/tienda/pintura/sellante/medium-golden-gac-900-textil-32-onzas/
P2 - carta rota (restock),52414,Molotow UFA Effect 400ml,Color|Pinturas en aerosol|Spray,https://www.boykot.cl/tienda/pintura/spray/molotow-effect-400ml/
P2 - carta rota (restock),52385,Molotow Metallic  400ml,Color|Pinturas en aerosol|Spray,https://www.boykot.cl/tienda/pintura/spray/molotow-metallic-400ml/
P2 - carta rota (restock),46260,Mesa Futura,Accesorios|Destacados,https://www.boykot.cl/tienda/materiales/accesorios-materiales/mesa-futura/
P2 - carta rota (restock),43123,Molotow UV-Varnish 400ml,Barnices|Color|Sellantes|Spray|Sprays|Urban Fine Art,https://www.boykot.cl/tienda/pintura/sprays/urban-fine-art/molotow-uv-varnish-400ml/
P2 - carta rota (restock),41520,Street Art Acrílico UV resistant 16lts,Color|Esmalte,https://www.boykot.cl/tienda/color/street-art-esmalte-satinado-16lts/
P2 - carta rota (restock),10229,Mask It Roll Xpress it,Accesorios|Xpressit,https://www.boykot.cl/tienda/materiales/accesorios-materiales/mask-it-roll-15x4/
P2 - carta rota (restock),7609,Multiliner Sp Copic Color BS,Lápices|Tiralineas,https://www.boykot.cl/tienda/lapices/tiralineas/multiliner-sp-copic-purple-bs/
P2 - carta rota (restock),6204,440PP Punta T 20mm,Color|Individual|Marcadores|Molotow|Molotow markers|Punta T,https://www.boykot.cl/tienda/marcadores/molotow-markers/molotow-markers-individual/440pp-punta-t-20mm/
P3 - sin categoría (recategorizar),210136,Daler Rowney Pincel Graduate Sintético Flat Wash #1/2,Uncategorized,https://www.boykot.cl/tienda/uncategorized/daler-rowney-pincel-graduate-sintetico-flat-wash-1-2/
P3 - sin categoría (recategorizar),210130,Daler Rowney Pincel Graduate Sintético Angle Shader #1/4,Uncategorized,https://www.boykot.cl/tienda/uncategorized/daler-rowney-pincel-graduate-sintetico-angle-shader-1-4/
P3 - sin categoría (recategorizar),174029,Acuarela Set HWC 12 Tubos 15ml Luminous W894,Uncategorized,https://www.boykot.cl/tienda/pintura/holbein/acuarela-holbein/acuarela-set-hwc12-tubos-15ml-luminous-w894/
P3 - sin categoría (recategorizar),173018,Polera Biometric Weapons Longsleeve Shirt Granite XXL,Uncategorized,https://www.boykot.cl/tienda/uncategorized/polera-biometric-weapons-longsleeve-shirt-granite-xxl/
P3 - sin categoría (recategorizar),156858,IC Screen S-448,Uncategorized,https://www.boykot.cl/tienda/uncategorized/ic-screen-s-448/
P3 - sin categoría (recategorizar),147029,X-press it Mask It Sheets,Uncategorized,https://www.boykot.cl/tienda/uncategorized/x-press-itmask-it-sheets/
P3 - sin categoría (recategorizar),130355,Jockey Most wanted Logodrip,Uncategorized,https://www.boykot.cl/tienda/uncategorized/jockey-most-wanted-logodrip/
P3 - sin categoría (recategorizar),129245,Pincel Princeton Snap! 2 Round Bright 9700R-2,Uncategorized,https://www.boykot.cl/tienda/uncategorized/pincel-princeton-snap-2-round-bright-9700r-2-2/
P3 - sin categoría (recategorizar),120065,Createx UVLS Clear Satin,Uncategorized,https://www.boykot.cl/tienda/uncategorized/createx-uvls-clear-satin/
P3 - sin categoría (recategorizar),120057,Createx UVLS Clear Matte,Uncategorized,https://www.boykot.cl/tienda/uncategorized/createx-uvls-clear-matte/
P3 - sin categoría (recategorizar),120048,Createx UVLS Clear Gloss,Uncategorized,https://www.boykot.cl/tienda/uncategorized/uvls-clear-gloss/
P3 - sin categoría (recategorizar),120045,Createx Retarder,Uncategorized,https://www.boykot.cl/tienda/uncategorized/createx-retarder/
P3 - sin categoría (recategorizar),120043,Createx Restorer,Uncategorized,https://www.boykot.cl/tienda/uncategorized/createx-restorer/
P3 - sin categoría (recategorizar),120014,Createx Reducer,Uncategorized,https://www.boykot.cl/tienda/uncategorized/createx-reducer/
P3 - sin categoría (recategorizar),119939,Createx Illustration Lifeline 240ml,Uncategorized,https://www.boykot.cl/tienda/uncategorized/createx-illustration-lifeline-240ml/
P3 - sin categoría (recategorizar),119902,Createx Illustration Bloodline 60ml,Uncategorized,https://www.boykot.cl/tienda/uncategorized/createx-illustration-bloodline-60ml/
P3 - sin categoría (recategorizar),119881,Createx Illustration Bloodline 240ml,Uncategorized,https://www.boykot.cl/tienda/uncategorized/createx-illustration-bloodline-240ml/
P3 - sin categoría (recategorizar),119807,Createx Illustration Lifeline 30ml,Uncategorized,https://www.boykot.cl/tienda/uncategorized/createx-illustration-lifeline-30ml/
P3 - sin categoría (recategorizar),119774,Createx Illustration Bloodline 30ml,Uncategorized,https://www.boykot.cl/tienda/uncategorized/createx-illustration-bloodline-30ml/
P3 - sin categoría (recategorizar),119741,Createx Illustration Lifeline 60ml,Uncategorized,https://www.boykot.cl/tienda/uncategorized/createx-illustration-lifeline-60ml/
P3 - sin categoría (recategorizar),119665,Createx Illustration 240ml,Uncategorized,https://www.boykot.cl/tienda/uncategorized/createx-illustration-240ml/
P3 - sin categoría (recategorizar),119662,Createx Illustration 120ml,Uncategorized,https://www.boykot.cl/tienda/uncategorized/createx-illustration-120ml/
P3 - sin categoría (recategorizar),119581,Createx Illustration 60ml,Uncategorized,https://www.boykot.cl/tienda/uncategorized/createx-illustration-60ml/
P3 - sin categoría (recategorizar),119426,Createx Illustration 30ml,Uncategorized,https://www.boykot.cl/tienda/uncategorized/createx-illustration-30ml/
P3 - sin categoría (recategorizar),119417,Createx Airbrush Colors 960ml,Uncategorized,https://www.boykot.cl/tienda/uncategorized/createx-airbrush-colors-960ml/
P3 - sin categoría (recategorizar),119406,Createx Airbrush Colors 480ml,Uncategorized,https://www.boykot.cl/tienda/uncategorized/createx-airbrush-colors-480ml/
P3 - sin categoría (recategorizar),119249,Createx Airbrush Colors 240ml,Uncategorized,https://www.boykot.cl/tienda/uncategorized/createx-airbrush-colors-240ml/
P3 - sin categoría (recategorizar),119007,Createx Airbrush Colors 120ml unidad,Uncategorized,https://www.boykot.cl/tienda/uncategorized/createx-airbrush-colors-120ml-unidad/
P3 - sin categoría (recategorizar),118831,Createx Airbrush Colors 60ml unidad,Uncategorized,https://www.boykot.cl/tienda/uncategorized/createx-airbrush-colors-60ml-unidad/
P3 - sin categoría (recategorizar),118807,Createx Airbrush Colors 60ml 5815-00 Mix Kent Lind Cool Set 8,Uncategorized,https://www.boykot.cl/tienda/uncategorized/createx-airbrush-colors-60ml-5815-00-mix-kent-lind-cool-set-8/
P3 - sin categoría (recategorizar),118804,Createx Airbrush Colors 60ml 5816-00 Mix Kent Lind Warm Set 8,Uncategorized,https://www.boykot.cl/tienda/uncategorized/createx-airbrush-colors-60ml-5816-00-mix-kent-lind-warm-set-8/
P3 - sin categoría (recategorizar),118801,Createx Airbrush Colors 60ml 5802-00 Fluorescent Set 6,Uncategorized,https://www.boykot.cl/tienda/uncategorized/createx-airbrush-colors-60ml-5802-00-fluorescent-set-6/
P3 - sin categoría (recategorizar),118798,Createx Airbrush Colors 60ml 5811-00 Pearlized Sample Set 6,Uncategorized,https://www.boykot.cl/tienda/uncategorized/createx-airbrush-colors-60ml-5811-00-pearlized-sample-set-6/
P3 - sin categoría (recategorizar),118795,Createx Airbrush Colors 60ml 5801-00 Mix Primary Set 6,Uncategorized,https://www.boykot.cl/tienda/uncategorized/createx-airbrush-colors-60ml-5801-00-mix-primary-set-6/
P3 - sin categoría (recategorizar),118792,Createx Airbrush Colors 60ml 5803-00 Set 6,Uncategorized,https://www.boykot.cl/tienda/uncategorized/createx-airbrush-colors-60ml-5803-00-set-6/
P3 - sin categoría (recategorizar),118789,Createx Airbrush Colors 60ml 5804-00 Pearlized Set 6,Uncategorized,https://www.boykot.cl/tienda/uncategorized/createx-airbrush-colors-60ml-5804-00-pearlized-set-6/
P3 - sin categoría (recategorizar),118786,Createx Airbrush Colors 60ml 5810-00 Tropical Set 6,Uncategorized,https://www.boykot.cl/tienda/uncategorized/createx-airbrush-colors-60ml-5810-00-tropical-set-6/
P3 - sin categoría (recategorizar),118713,Candy2O 60ml,Uncategorized,https://www.boykot.cl/tienda/uncategorized/candy2o-60ml/
P3 - sin categoría (recategorizar),118705,Createx Candy2O 4040 Bleed Checker 120ml,Uncategorized,https://www.boykot.cl/tienda/uncategorized/candy2o-4040-bleed-checker-120ml/
P3 - sin categoría (recategorizar),118389,Createx Candy2O 120ml,Uncategorized,https://www.boykot.cl/tienda/uncategorized/candy2o-120ml/
P3 - sin categoría (recategorizar),118376,Createx Primer AutoBorne,Uncategorized,https://www.boykot.cl/tienda/uncategorized/createx-primer-autoborne/
P3 - sin categoría (recategorizar),118329,Createx Airbrush Cleaner,Uncategorized,https://www.boykot.cl/tienda/uncategorized/airbrush-cleaner/
P3 - sin categoría (recategorizar),118155,Gesso Acrílico Negro,Uncategorized,https://www.boykot.cl/tienda/uncategorized/gesso-acrilico-negro/
P3 - sin categoría (recategorizar),118122,Concept 220 grs. 20 hojas A4,Uncategorized,https://www.boykot.cl/tienda/uncategorized/concept-220-grs-20-hojas-a4/
P3 - sin categoría (recategorizar),114827,Gorro Acid Wrld 2 Tone Beanie (Fuschia),Uncategorized,https://www.boykot.cl/tienda/uncategorized/gorro-dyed-again-beanie/
P3 - sin categoría (recategorizar),114811,Calcetines Crew Sock (Black),Uncategorized,https://www.boykot.cl/tienda/uncategorized/calcetines-crew-sock/
P3 - sin categoría (recategorizar),114809,Calcetines Crew Sock Distort Reality,Uncategorized,https://www.boykot.cl/tienda/uncategorized/calcetines-crew-sock-distort-reality/
P3 - sin categoría (recategorizar),114790,Polera New World Disorder T-Shirt (Wine) XL,Uncategorized,https://www.boykot.cl/tienda/uncategorized/polera-new-world-disorder-t-shirt-2/
P3 - sin categoría (recategorizar),114787,Capucha Tactics Hood Black,Uncategorized,https://www.boykot.cl/tienda/uncategorized/capucha-tactics-hood/
P3 - sin categoría (recategorizar),114768,Cortaviento RFLCTIV Silver Jacket L,Uncategorized,https://www.boykot.cl/tienda/uncategorized/cortaviento-rflctiv-silver-jacket/
P3 - sin categoría (recategorizar),114758,Bolso Essential  Crossbody Bag – Olive,Uncategorized,https://www.boykot.cl/tienda/uncategorized/bolso-essential-crossbody-bag/
P3 - sin categoría (recategorizar),114738,Polera Reality Distortion Field Longsleeve Shirt (Black) L,Uncategorized,https://www.boykot.cl/tienda/uncategorized/polera-reality-distortion-field-longsleeve-shirt-2/
P3 - sin categoría (recategorizar),114726,Gorro Bio-Tracker Cargo Bucket Hat One Size,Uncategorized,https://www.boykot.cl/tienda/uncategorized/gorro-bio-tracker-cargo-bucket-hat-one-size/
P3 - sin categoría (recategorizar),114705,Polera Identity Acquired T-Shirt (Mango) XL,Uncategorized,https://www.boykot.cl/tienda/uncategorized/polera-identity-acquired-t-shirt/
P3 - sin categoría (recategorizar),114703,Polerón End Hate – Take Action Hooded Sweatshirt (Orange) L,Uncategorized,https://www.boykot.cl/tienda/uncategorized/poleron-end-hate-take-action-hooded-sweatshirt/
P3 - sin categoría (recategorizar),114671,Polera Spirit Into Matter T-Shirt (Bright Coral) L,Uncategorized,https://www.boykot.cl/tienda/uncategorized/polera-spirit-into-matter-t-shirt/
P3 - sin categoría (recategorizar),114645,Bufanda Familia Scarf One Size,Uncategorized,https://www.boykot.cl/tienda/uncategorized/bufanda-familia-scarf-one-size/
P3 - sin categoría (recategorizar),114642,Polerón Official-End-Hate-(Volt-Green)-Hoodie L,Uncategorized,https://www.boykot.cl/tienda/uncategorized/poleron-official-end-hate-volt-green-hoodie/
P3 - sin categoría (recategorizar),114641,Bolso Essential Tri-Strap Chest Bag  (Desert Coral),Uncategorized,https://www.boykot.cl/tienda/uncategorized/bolso-essential-tri-strap-chest-bag/
P3 - sin categoría (recategorizar),114625,Jockey Spyral Dynamics  6 Panel Hat,Uncategorized,https://www.boykot.cl/tienda/uncategorized/jockey-spyral-dynamics-6-panel-hat/
P3 - sin categoría (recategorizar),114621,Bolso ANKL Bag (Red),Uncategorized,https://www.boykot.cl/tienda/uncategorized/bolso-ankl-bag/
P3 - sin categoría (recategorizar),114604,Bolso Crossbody / Fanny Pack – Diamond Pink,Uncategorized,https://www.boykot.cl/tienda/uncategorized/bolso-fanny-pack/
P3 - sin categoría (recategorizar),114598,Bolso Neck Utility – Red,Uncategorized,https://www.boykot.cl/tienda/uncategorized/bolso-neck-utility/
P3 - sin categoría (recategorizar),114585,Polera Reality Distortion Field Longsleeve Shirt (SageGreen),Uncategorized,https://www.boykot.cl/tienda/uncategorized/polera-reality-distortion-field-longsleeve-shirt/
P3 - sin categoría (recategorizar),114576,Bolso Vapour Mini Satchel – Burgundy,Uncategorized,https://www.boykot.cl/tienda/uncategorized/bolso-vapour-mini-satchel/
P3 - sin categoría (recategorizar),114555,Pantalón RFLCTIV Silver Pants L,Uncategorized,https://www.boykot.cl/tienda/uncategorized/pantalon-rflctiv-silver-pants/
P3 - sin categoría (recategorizar),114532,Gorro con Pompom #EFFERSlife Pom,Uncategorized,https://www.boykot.cl/tienda/uncategorized/gorro-con-pompom/
P3 - sin categoría (recategorizar),114527,Polerón Reality Distortion Field Hooded Sweatshirt (Slate Blue) L,Uncategorized,https://www.boykot.cl/tienda/uncategorized/poleron-reality-distortion-field-hooded-sweatshirt/
P3 - sin categoría (recategorizar),114493,Polera Deterministic Delusion Longsleeve Shirt (White) L,Uncategorized,https://www.boykot.cl/tienda/uncategorized/polera-deterministic-delusion-longsleeve-shirt/
P3 - sin categoría (recategorizar),114478,Chaqueta Ascent Tech Fleece Jacket (Black) L,Uncategorized,https://www.boykot.cl/tienda/uncategorized/chaqueta-ascent-tech-fleece-jacket-2/
P3 - sin categoría (recategorizar),114460,Chaqueta Ascent Tech Fleece Jacket (Brown) L,Uncategorized,https://www.boykot.cl/tienda/uncategorized/chaqueta-ascent-tech-fleece-jacket/
P3 - sin categoría (recategorizar),114443,Pantalón RFLCTIV Rainbow Reflective Track Pant M,Uncategorized,https://www.boykot.cl/tienda/uncategorized/pantalon-rflctiv-rainbow-reflective-track-pant/
P3 - sin categoría (recategorizar),114441,Bolso UV Shoulder Bag,Uncategorized,https://www.boykot.cl/tienda/uncategorized/bolso-uv-shoulder-bag/
P3 - sin categoría (recategorizar),114419,Bolso Hip Utility – Realtree® AP Camo,Uncategorized,https://www.boykot.cl/tienda/uncategorized/bolso-hip-utility/
P3 - sin categoría (recategorizar),114413,Cuello Official Neck Warmer,Uncategorized,https://www.boykot.cl/tienda/uncategorized/cuello-official-neck-warmer/
P3 - sin categoría (recategorizar),114400,Polera New World Disorder T-Shirt (Sage) S,Uncategorized,https://www.boykot.cl/tienda/uncategorized/polera-new-world-disorder-t-shirt/
P3 - sin categoría (recategorizar),114396,Lentes Rainbow Mirror Face Visor Eye Shield,Uncategorized,https://www.boykot.cl/tienda/uncategorized/lentes-rainbow-mirror-face-visor-eye-shield/
P3 - sin categoría (recategorizar),114391,Lentes Apex Face Shield ULTRA (Rainbow),Uncategorized,https://www.boykot.cl/tienda/uncategorized/lentes-apex-face-shield-ultra-rainbow/
P3 - sin categoría (recategorizar),108970,Washi tape IC [Edición Limitada] – Panel layout,Uncategorized,https://www.boykot.cl/tienda/uncategorized/washi-tape-ic-edicion-limitada-panel-layout/
P3 - sin categoría (recategorizar),108961,Washi tape IC [Edición Limitada] – Drawing tools,Uncategorized,https://www.boykot.cl/tienda/uncategorized/washi-tape-ic-edicion-limitada-drawing-tools/
P3 - sin categoría (recategorizar),108954,Washi tape IC [Edición Limitada] – Girl´s comics,Uncategorized,https://www.boykot.cl/tienda/uncategorized/washi-tape-ic-edicion-limitada-girls-comics/
P3 - sin categoría (recategorizar),108947,Washi tape IC [Edición Limitada] – Onomatopeia,Uncategorized,https://www.boykot.cl/tienda/uncategorized/washi-tape-ic-edicion-limitada-onomatopeia/
P3 - sin categoría (recategorizar),108940,Washi tape IC [Edición Limitada] – Beta Flash,Uncategorized,https://www.boykot.cl/tienda/uncategorized/washi-tape-ic-edicion-limitada-beta-flash/
P3 - sin categoría (recategorizar),108891,Washi tape IC [Edición Limitada] – Mob,Uncategorized,https://www.boykot.cl/tienda/uncategorized/washi-tape-ic-mob-edicion-limitada/
P3 - sin categoría (recategorizar),82803,Pincel Princeton Snap! 2/0 Round 9850R-2/0,Uncategorized,https://www.boykot.cl/tienda/uncategorized/pincel-princeton-snap-2-0-round-9850r-2-0-2/
P3 - sin categoría (recategorizar),79210,Set Plumillas Speedball Zurdos,Uncategorized,https://www.boykot.cl/tienda/uncategorized/set-plumillas-speedball-zurdos/
P3 - sin categoría (recategorizar),72759,Gouache 15 ml color Primary White,Uncategorized,https://www.boykot.cl/tienda/uncategorized/gouache-15-ml-color-primary-white/
P3 - sin categoría (recategorizar),69771,Acryla Gouache 20 Ml color Neutral Grey #1,Uncategorized,https://www.boykot.cl/tienda/uncategorized/acryla-gouache-20-ml-color-black/
P3 - sin categoría (recategorizar),69677,Gouache 15 ml color Cobalt Violet,Uncategorized,https://www.boykot.cl/tienda/uncategorized/gouache-15-ml-color-yellow-ochre/
P3 - sin categoría (recategorizar),69651,Gouache 15 ml color Aqua Blue,Uncategorized,https://www.boykot.cl/tienda/uncategorized/gouache-15-ml-color-cadmium-yellow-lemon/
P3 - sin categoría (recategorizar),69648,Gouache 15 ml color Ultramarine Light,Uncategorized,https://www.boykot.cl/tienda/uncategorized/gouache-15-ml-color-lilac/
P3 - sin categoría (recategorizar),69633,Gouache 15 ml color Moss Green,Uncategorized,https://www.boykot.cl/tienda/uncategorized/gouache-15-ml-color-permanent-green-2/
P3 - sin categoría (recategorizar),69604,Gouache 15 ml color Jet Black,Uncategorized,https://www.boykot.cl/tienda/uncategorized/gouache-15-ml-color-lamp-black/
P3 - sin categoría (recategorizar),69603,Gouache 15 ml color Rose,Uncategorized,https://www.boykot.cl/tienda/uncategorized/gouache-15-ml-color-compose-blue/
P3 - sin categoría (recategorizar),69600,Gouache 15 ml color Cerulean Blue,Uncategorized,https://www.boykot.cl/tienda/uncategorized/gouache-15-ml-color-ivory-black/
P3 - sin categoría (recategorizar),69599,Gouache 15 ml color Zinc White,Uncategorized,https://www.boykot.cl/tienda/uncategorized/gouache-15-ml-color-ultramarine-deep/
P3 - sin categoría (recategorizar),69595,Gouache 15 ml color Naples Yellow Italian,Uncategorized,https://www.boykot.cl/tienda/uncategorized/gouache-15-ml-color-cadmium-red-light/
P3 - sin categoría (recategorizar),69587,Gouache 15 ml color Pure Blue,Uncategorized,https://www.boykot.cl/tienda/uncategorized/gouache-15-ml-color-light-red/
P3 - sin categoría (recategorizar),69585,Gouache 15 ml color Burnt Sienna,Uncategorized,https://www.boykot.cl/tienda/uncategorized/gouache-15-ml-color-neutral-tint/
P3 - sin categoría (recategorizar),69574,Gouache 15 ml color Naples Yellow,Uncategorized,https://www.boykot.cl/tienda/uncategorized/gouache-15-ml-color-rose-madder/
P3 - sin categoría (recategorizar),69561,Gouache 15 ml color Ice Blue,Uncategorized,https://www.boykot.cl/tienda/uncategorized/gouache-15-ml-color-titanium-white/
P3 - sin categoría (recategorizar),69558,Gouache 15 ml color Carmine,Uncategorized,https://www.boykot.cl/tienda/uncategorized/gouache-15-ml-color-imidazolone-lemon/
P3 - sin categoría (recategorizar),69553,Gouache 15 ml color Permanent Yellow Orange,Uncategorized,https://www.boykot.cl/tienda/uncategorized/gouache-15-ml-color-terre-verte/
P3 - sin categoría (recategorizar),69545,Gouache 15 ml color Violet,Uncategorized,https://www.boykot.cl/tienda/uncategorized/gouache-15-ml-color-quinacridone-scarlet/
P3 - sin categoría (recategorizar),69537,Gouache 15 ml color Yellow Ochre,Uncategorized,https://www.boykot.cl/tienda/uncategorized/gouache-15-ml-color-marine-blue/
P3 - sin categoría (recategorizar),69530,Gouache 15 ml color Phthalo Green,Uncategorized,https://www.boykot.cl/tienda/uncategorized/gouache-15-ml-color-quinacridone-red/
P3 - sin categoría (recategorizar),69528,Gouache 15 ml color Permanent Green Light,Uncategorized,https://www.boykot.cl/tienda/uncategorized/gouache-15-ml-color-cobalt-blue/
P3 - sin categoría (recategorizar),69522,Gouache 15 ml color Grey #3,Uncategorized,https://www.boykot.cl/tienda/uncategorized/gouache-15-ml-color-emerald-green-nova/
P3 - sin categoría (recategorizar),69520,Gouache 15 ml color Ash Green,Uncategorized,https://www.boykot.cl/tienda/uncategorized/gouache-15-ml-color-shell-pink/
P3 - sin categoría (recategorizar),69512,Gouache 15 ml color Dark Green,Uncategorized,https://www.boykot.cl/tienda/uncategorized/gouache-15-ml-color-verditer-blue/
P3 - sin categoría (recategorizar),69464,Gouache 15 ml color Turquoise Green,Uncategorized,https://www.boykot.cl/tienda/uncategorized/gouache-15-ml-color-paynes-grey/
P3 - sin categoría (recategorizar),69452,Gouache 15 ml color Cobalt Turquoise,Uncategorized,https://www.boykot.cl/tienda/uncategorized/gouache-15-ml-color-manganese-blue-nova/
P3 - sin categoría (recategorizar),69443,Gouache 15 ml color Cadmium Yellow Orange,Uncategorized,https://www.boykot.cl/tienda/uncategorized/gouache-15-ml-color-lemon-yellow/
P3 - sin categoría (recategorizar),69439,Gouache 15 ml color Sepia,Uncategorized,https://www.boykot.cl/tienda/uncategorized/gouache-15-ml-color-indian-red/
P3 - sin categoría (recategorizar),69436,Gouache 15 ml color Cadmium Green Pale,Uncategorized,https://www.boykot.cl/tienda/uncategorized/gouache-15-ml-color-chinese-white/
P3 - sin categoría (recategorizar),69431,Gouache 15 ml color Olive Green,Uncategorized,https://www.boykot.cl/tienda/uncategorized/gouache-15-ml-color-ultramarine-light/
P3 - sin categoría (recategorizar),69430,Gouache 15 ml color Katsura Blue,Uncategorized,https://www.boykot.cl/tienda/uncategorized/gouache-15-ml-color-carmine/
P3 - sin categoría (recategorizar),69424,Gouache 15 ml color Jaune Brillant #1,Uncategorized,https://www.boykot.cl/tienda/uncategorized/gouache-15-ml-color-prussian-blue/
P3 - sin categoría (recategorizar),69418,Gouache 15 ml color Primary Magenta,Uncategorized,https://www.boykot.cl/tienda/uncategorized/gouache-15-ml-color-green-grey/
P3 - sin categoría (recategorizar),69412,Gouache 15 ml color Flame Red,Uncategorized,https://www.boykot.cl/tienda/uncategorized/gouache-15-ml-color-cadmium-green-deep/
P3 - sin categoría (recategorizar),69408,Gouache 15 ml color Cobalt Blue,Uncategorized,https://www.boykot.cl/tienda/uncategorized/gouache-15-ml-color-scarlet-lake/
P3 - sin categoría (recategorizar),69407,Gouache 15 ml color Cobalt Green Pale,Uncategorized,https://www.boykot.cl/tienda/uncategorized/gouache-15-ml-color-burnt-umber/
P3 - sin categoría (recategorizar),69402,Gouache 15 ml color Peacock Blue,Uncategorized,https://www.boykot.cl/tienda/uncategorized/gouache-15-ml-color-turquoise-blue/
P3 - sin categoría (recategorizar),69401,Gouache 15 ml color Permanent Yellow Deep,Uncategorized,https://www.boykot.cl/tienda/uncategorized/gouache-15-ml-color-cadmium-red-deep/
P3 - sin categoría (recategorizar),69390,Gouache 15 ml color Leaf Green,Uncategorized,https://www.boykot.cl/tienda/uncategorized/gouache-15-ml-color-indigo/
P3 - sin categoría (recategorizar),69387,Gouache 15 ml color Ultramarine Deep,Uncategorized,https://www.boykot.cl/tienda/uncategorized/gouache-15-ml-color-imidazolone-brown/
P3 - sin categoría (recategorizar),69379,Gouache 15 ml color Cadmium Red,Uncategorized,https://www.boykot.cl/tienda/uncategorized/gouache-15-ml-color-cadmium-yellow-deep/
P3 - sin categoría (recategorizar),69378,Gouache 15 ml color Brilliant Gold,Uncategorized,https://www.boykot.cl/tienda/uncategorized/gouache-15-ml-color-shadow-green/
P3 - sin categoría (recategorizar),69375,Gouache 15 ml color Brilliant Silver,Uncategorized,https://www.boykot.cl/tienda/uncategorized/gouache-15-ml-color-permanent-yellow-lemon/
P3 - sin categoría (recategorizar),69371,Gouache 15 ml color Lemon Yellow,Uncategorized,https://www.boykot.cl/tienda/uncategorized/gouache-15-ml-color-lavender/
P3 - sin categoría (recategorizar),69362,Gouache 15 ml color Cadmium Yellow Lemon,Uncategorized,https://www.boykot.cl/tienda/uncategorized/gouache-15-ml-color-cadmium-red-orange/
P3 - sin categoría (recategorizar),69355,Gouache 15 ml color Pure Red,Uncategorized,https://www.boykot.cl/tienda/uncategorized/gouache-15-ml-color-vermilion/
P3 - sin categoría (recategorizar),69350,Gouache 15 ml color Iris,Uncategorized,https://www.boykot.cl/tienda/uncategorized/gouache-15-ml-color-viridian/
P3 - sin categoría (recategorizar),69337,Gouache 15 ml color Cadmium Green Deep,Uncategorized,https://www.boykot.cl/tienda/uncategorized/gouache-15-ml-color-vandyke-brown/
P3 - sin categoría (recategorizar),69333,Gouache 15 ml color Raw Umber,Uncategorized,https://www.boykot.cl/tienda/uncategorized/gouache-15-ml-color-raw-sienna/
P3 - sin categoría (recategorizar),69318,Gouache 15 ml color Smalt Blue,Uncategorized,https://www.boykot.cl/tienda/uncategorized/gouache-15-ml-color-gamboge-nova/
P3 - sin categoría (recategorizar),69303,Gouache 15 ml color Lilac,Uncategorized,https://www.boykot.cl/tienda/uncategorized/gouache-15-ml-color-pyrrole-rubin/
P3 - sin categoría (recategorizar),69284,Gouache 15 ml color Raw Sienna,Uncategorized,https://www.boykot.cl/tienda/uncategorized/gouache-15-ml-color-imidazolone-yellow/
P3 - sin categoría (recategorizar),69269,Gouache 15 ml color Primary Cyan,Uncategorized,https://www.boykot.cl/tienda/uncategorized/gouache-15-ml-color-brilliant-orange/
P3 - sin categoría (recategorizar),69261,Gouache 15 ml color Chinese Orange,Uncategorized,https://www.boykot.cl/tienda/uncategorized/gouache-15-ml-color-cobalt-violet-light/
P3 - sin categoría (recategorizar),69256,Gouache 15 ml color Primary Yellow,Uncategorized,https://www.boykot.cl/tienda/uncategorized/gouache-15-ml-color-permanent-violet/
P3 - sin categoría (recategorizar),69249,Gouache 15 ml color Cadmium Red Purple,Uncategorized,https://www.boykot.cl/tienda/uncategorized/gouache-15-ml-color-horizon-blue/
P3 - sin categoría (recategorizar),69248,Gouache 15 ml color Jaune Brillant #2,Uncategorized,https://www.boykot.cl/tienda/uncategorized/gouache-15-ml-color-olive-green/
P3 - sin categoría (recategorizar),69243,Gouache 15 ml color Navy Blue,Uncategorized,https://www.boykot.cl/tienda/uncategorized/gouache-15-ml-color-umber/
P3 - sin categoría (recategorizar),69242,Gouache 15 ml color Pink,Uncategorized,https://www.boykot.cl/tienda/uncategorized/gouache-15-ml-color-peach-black/
P3 - sin categoría (recategorizar),69237,Gouache 15 ml color Primary Black,Uncategorized,https://www.boykot.cl/tienda/uncategorized/gouache-15-ml-color-bright-violet-lumi/
P3 - sin categoría (recategorizar),69233,Gouache 15 ml color Cadmium Yellow,Uncategorized,https://www.boykot.cl/tienda/uncategorized/gouache-15-ml-color-mars-violet/
P3 - sin categoría (recategorizar),69222,Gouache 15 ml color Permanent Green Deep,Uncategorized,https://www.boykot.cl/tienda/uncategorized/gouache-15-ml-color-cadmium-yellow-light/
P3 - sin categoría (recategorizar),69219,Gouache 15 ml color Brilliant Orange,Uncategorized,https://www.boykot.cl/tienda/uncategorized/gouache-15-ml-color-leaf-green/
P3 - sin categoría (recategorizar),69215,Gouache 15 ml color Grey #2,Uncategorized,https://www.boykot.cl/tienda/uncategorized/gouache-15-ml-color-grey-of-grey/
P3 - sin categoría (recategorizar),69214,Gouache 15 ml color Terre Verte,Uncategorized,https://www.boykot.cl/tienda/uncategorized/gouache-15-ml-color-mineral-violet/
P3 - sin categoría (recategorizar),69209,Gouache 15 ml color Rose Violet,Uncategorized,https://www.boykot.cl/tienda/uncategorized/gouache-15-ml-color-cadmium-green-pale/
P3 - sin categoría (recategorizar),69198,Gouache 15 ml color Geranium,Uncategorized,https://www.boykot.cl/tienda/uncategorized/gouache-15-ml-color-sepia/
P3 - sin categoría (recategorizar),69194,Gouache 15 ml color Ash Blue,Uncategorized,https://www.boykot.cl/tienda/uncategorized/gouache-15-ml-color-cobalt-green/
P3 - sin categoría (recategorizar),69193,Gouache 15 ml color Magenta,Uncategorized,https://www.boykot.cl/tienda/uncategorized/gouache-15-ml-color-naples-yellow/
P3 - sin categoría (recategorizar),69191,Gouache 15 ml color Prussian Blue,Uncategorized,https://www.boykot.cl/tienda/uncategorized/gouache-15-ml-color-brilliant-pink/
P3 - sin categoría (recategorizar),69187,Gouache 15 ml color Cyprus Green,Uncategorized,https://www.boykot.cl/tienda/uncategorized/gouache-15-ml-color-viridian-hue/
P3 - sin categoría (recategorizar),69182,Gouache 15 ml color Pearl Gold,Uncategorized,https://www.boykot.cl/tienda/uncategorized/gouache-15-ml-color-quinacridone-magenta/
P3 - sin categoría (recategorizar),69175,Gouache 15 ml color Permanent Yellow,Uncategorized,https://www.boykot.cl/tienda/uncategorized/gouache-15-ml-color-sap-green/
P3 - sin categoría (recategorizar),69146,Gouache 15 ml color Marigold,Uncategorized,https://www.boykot.cl/tienda/uncategorized/gouache-15-ml-color-perm-yellow-orange/
P3 - sin categoría (recategorizar),69142,Gouache 15 ml color Pearl Copper,Uncategorized,https://www.boykot.cl/tienda/uncategorized/gouache-15-ml-color-perylene-maroon/
P3 - sin categoría (recategorizar),69136,Gouache 15 ml color Ivory Black,Uncategorized,https://www.boykot.cl/tienda/uncategorized/gouache-15-ml-color-royal-blue/
P3 - sin categoría (recategorizar),69130,Gouache 15 ml color Rich Gold,Uncategorized,https://www.boykot.cl/tienda/uncategorized/gouache-15-ml-color-peacock-blue/
P3 - sin categoría (recategorizar),69127,Gouache 15 ml color Brilliant Pink,Uncategorized,https://www.boykot.cl/tienda/uncategorized/gouache-15-ml-color-isoindo-yel-deep/
P3 - sin categoría (recategorizar),69118,Gouache 15 ml color Permanent White,Uncategorized,https://www.boykot.cl/tienda/uncategorized/gouache-15-ml-color-bamboo-green/
P3 - sin categoría (recategorizar),69115,Gouache 15 ml color Burnt Umber,Uncategorized,https://www.boykot.cl/tienda/uncategorized/gouache-15-ml-color-cadmium-yellow-orange/
P3 - sin categoría (recategorizar),69105,Gouache 15 ml color Silver,Uncategorized,https://www.boykot.cl/tienda/uncategorized/gouache-15-ml-color-cobalt-blue-hue/
P3 - sin categoría (recategorizar),69103,Gouache 15 ml color Blue Violet,Uncategorized,https://www.boykot.cl/tienda/uncategorized/gouache-15-ml-color-permanent-yellow-light/
P3 - sin categoría (recategorizar),69100,Gouache 15 ml color Emerald Green Nova,Uncategorized,https://www.boykot.cl/tienda/uncategorized/gouache-15-ml-color-greenish-yellow/
P3 - sin categoría (recategorizar),69096,Gouache 15 ml color Cadmium Red Deep,Uncategorized,https://www.boykot.cl/tienda/uncategorized/gouache-15-ml-color-opera/
P3 - sin categoría (recategorizar),69080,Gouache 15 ml color Pearl White,Uncategorized,https://www.boykot.cl/tienda/uncategorized/gouache-15-ml-color-silver/
P3 - sin categoría (recategorizar),69076,Gouache 15 ml color Cadmium Green,Uncategorized,https://www.boykot.cl/tienda/uncategorized/gouache-15-ml-color-cadmium-red-purple/
P3 - sin categoría (recategorizar),69054,Gouache 15 ml color Turquoise Blue,Uncategorized,https://www.boykot.cl/tienda/uncategorized/gouache-15-ml-color-cadmium-yellow-pale/
P3 - sin categoría (recategorizar),69053,Gouache 15 ml color Grey #1,Uncategorized,https://www.boykot.cl/tienda/uncategorized/gouache-15-ml-color-hookers-green/
P3 - sin categoría (recategorizar),69047,Gouache 15 ml color Opera,Uncategorized,https://www.boykot.cl/tienda/uncategorized/gouache-15-ml-color-vermilion-hue/
P3 - sin categoría (recategorizar),69038,Gouache 15 ml color Alizarin Crimson,Uncategorized,https://www.boykot.cl/tienda/uncategorized/gouache-15-ml-color-jaune-brillant-1/
P3 - sin categoría (recategorizar),61661,Pluma Drawing Pen Copic,Uncategorized,https://www.boykot.cl/tienda/uncategorized/pluma-drawing-pen-copic-01-mm/
P3 - sin categoría (recategorizar),58734,Pincel Princeton Snap! 0 Round 9850R-0,Uncategorized,https://www.boykot.cl/tienda/uncategorized/pincel-princeton-snap-0-round-9850r-0/
P3 - sin categoría (recategorizar),44442,Maletín (CAJA VACÍA),Uncategorized,https://www.boykot.cl/tienda/uncategorized/maletin/
P3 - sin categoría (recategorizar),44436,Gesso Acrílico,Uncategorized,https://www.boykot.cl/tienda/uncategorized/gesso-acrilico/
P3 - sin categoría (recategorizar),41575,Sellador incoloro 750 ml,Uncategorized,https://www.boykot.cl/tienda/uncategorized/sellador-incoloro-750-ml/
P3 - sin categoría (recategorizar),32131,Esponja Organizadora 200.021,Uncategorized,https://www.boykot.cl/tienda/uncategorized/esponja-organizadora-200-021/
P3 - sin categoría (recategorizar),31598,Liquid Shoe Art Easel Easel,Uncategorized,https://www.boykot.cl/tienda/uncategorized/shoe-art-easel-easel/
P3 - sin categoría (recategorizar),31597,Liquid Pinhole Filler Pinhole Filler 10 ml.,Uncategorized,https://www.boykot.cl/tienda/uncategorized/pinhole-filler-pinhole-filler/
P3 - sin categoría (recategorizar),31255,Paleta de Acuarela Speedball Grande,Uncategorized,https://www.boykot.cl/tienda/uncategorized/paleta-de-acuarela-speedball-grande/
P3 - sin categoría (recategorizar),30989,CINTA DE ENMASCARAR PREMIUM,Uncategorized,https://www.boykot.cl/tienda/uncategorized/cinta-de-enmascarar-premium/
P3 - sin categoría (recategorizar),25322,Pincel Tigre 151-4 Lengua de Gato #4,Uncategorized,https://www.boykot.cl/tienda/uncategorized/producto-62/
P3 - sin categoría (recategorizar),13344,Uv-fluorescent Refill 30 Ml,Uncategorized,https://www.boykot.cl/tienda/uncategorized/uv-fluorescent-refill-30-ml/
P3 - sin categoría (recategorizar),13239,Masterpiece-60mm Speedflow 767pi Boykot Graffiti Y Materiale,Uncategorized,https://www.boykot.cl/tienda/uncategorized/masterpiece-60mm-speedflow-767pi/
P3 - sin categoría (recategorizar),12970,Bolso Hip Utility – Red,Uncategorized,https://www.boykot.cl/tienda/uncategorized/613-tf-transformer-vacio-30-mm/
P3 - sin categoría (recategorizar),11222,Dripstick EM-830202 3mm 30ml,Uncategorized,https://www.boykot.cl/tienda/uncategorized/dripstick-vacio-rollerball-ds-s-3-mm/
P3 - sin categoría (recategorizar),11218,Dripstick EM-830203 10mm 70ml,Uncategorized,https://www.boykot.cl/tienda/uncategorized/dripstick-vacio-ds-l-10-mm/
P3 - sin categoría (recategorizar),9337,Lápiz Máscara 4mm,Uncategorized,https://www.boykot.cl/tienda/uncategorized/lapiz-mascara-4mm/
P3 - sin categoría (recategorizar),9330,Lápiz Máscara 2 mm,Uncategorized,https://www.boykot.cl/tienda/uncategorized/lapiz-mascara-2-mm/
P3 - sin categoría (recategorizar),5225,Gorro Dyed Again Beanie  (Purple / Blue),Uncategorized,https://www.boykot.cl/tienda/uncategorized/molotow-127hs-display-set-starter-20-anos/
P3 - sin categoría (recategorizar),2187,"Protector Water & Stain Repellent 5,5 onzas",Uncategorized,https://www.boykot.cl/tienda/uncategorized/protector-angelus-water-stain-repellent-aerosol-impermeabilizante-y-antimancha/
P3 - sin categoría (recategorizar),2186,Angelus Protector Silicone Water Repellent 4OZ,Uncategorized,https://www.boykot.cl/tienda/uncategorized/protector-angelus-silicone-water-repellent-silicona-impermeable/
P3 - sin categoría (recategorizar),2185,Angelus Protector-Boot Spray (Spray para Bota) 5.5 onzas,Uncategorized,https://www.boykot.cl/tienda/uncategorized/protector-angelus-boot-spray-spray-para-bota/
P3 - sin categoría (recategorizar),2174,Restaurador Angelus Sole Bright 4 onzas,Uncategorized,https://www.boykot.cl/tienda/uncategorized/restaurador-angelus-sole-bright-restaurador-de-bordes-4-onzas/
