id,tipo,en_stock,categorias,nombre,url
212125,simple,False,Limpiadores,Angelus Suede Renew 4 oz Pump spray,https://www.boykot.cl/tienda/limpiadores/angelus-suede-renew-4-oz-pump-spray/
210207,simple,False,Lapicera|Tiralíneas Brushpen,Brush pen FUDE MAKASE Fino Negro,https://www.boykot.cl/tienda/lapices/lapicera/brush-pen-fude-makase-fino-negro/
210144,simple,False,Pinceles,Daler Rowney Pincel Graduate Sintético XL Flat #30,https://www.boykot.cl/tienda/materiales/pinceles/daler-rowney-pincel-graduate-sintetico-xl-flat-30/
210142,simple,False,Pinceles,Daler Rowney Pincel Graduate Sintético Rigger #2,https://www.boykot.cl/tienda/materiales/pinceles/daler-rowney-pincel-graduate-sintetico-rigger-2/
210138,simple,False,Pinceles,Daler Rowney Pincel Graduate Sintético Rigger #1,https://www.boykot.cl/tienda/materiales/pinceles/daler-rowney-pincel-graduate-sintetico-rigger-1/
210134,simple,False,Pinceles,Daler Rowney Pincel Graduate Sintético Flat Wash #1,https://www.boykot.cl/tienda/materiales/pinceles/daler-rowney-pincel-graduate-sintetico-flat-wash-1/
210132,simple,False,Pinceles,Daler Rowney Pincel Graduate Sintético Angle Shader #1/2,https://www.boykot.cl/tienda/materiales/pinceles/daler-rowney-pincel-graduate-sintetico-angle-shader-1-2/
210130,simple,False,NINGUNA,Daler Rowney Pincel Graduate Sintético Angle Shader #1/4,https://www.boykot.cl/tienda/uncategorized/daler-rowney-pincel-graduate-sintetico-angle-shader-1-4/
210094,simple,False,Bastidores,Daler Rowney Bastidor Simply 30 x 40 cm,https://www.boykot.cl/tienda/bastidores/daler-rowney-bastidor-simply-30-x-40-cm/
174100,simple,False,Lapices de colores,Lapices de Colores Set 50 Colores Pastel Tone &#8211; OP936,https://www.boykot.cl/tienda/lapices/lapices-de-colores/lapices-de-colores-set-50-colores-pastel-tone-op936/
174077,simple,False,Lapices de colores,Lapices de Colores Set 6 Colores Luminous &#8211; OP916,https://www.boykot.cl/tienda/lapices/lapices-de-colores/lapices-de-colores-set-6-colores-luminous-op916/
174071,simple,False,Lapices de colores,Lapiz Blender 2 un. de madera OP790,https://www.boykot.cl/tienda/lapices/lapices-de-colores/lapiz-blender-2-un-de-madera-op790/
174053,simple,False,Estuche,Estuche Holbein Metal para 24 Lápices de colores,https://www.boykot.cl/tienda/materiales/estuche/estuche-holbein-metal-case-for-24-color-pencils/
174049,simple,False,Estuche,Estuche Holbein Metal para 36 Lápices de colores,https://www.boykot.cl/tienda/materiales/estuche/estuche-holbein-metal-case-for-36-color-pencils/
174025,simple,False,Acuarela|Acuarela|Acuarela Holbein,Acuarela Set HWC 24 Tubos 5ml Granulating WG591,https://www.boykot.cl/tienda/pintura/holbein/acuarela-holbein/acuarela-set-hwc24-tubos-5ml-granulating-wg591/
173018,simple,False,NINGUNA,Polera Biometric Weapons Longsleeve Shirt Granite XXL,https://www.boykot.cl/tienda/uncategorized/polera-biometric-weapons-longsleeve-shirt-granite-xxl/
168614,simple,False,Goma moldeable|Gomas|Gomas y sacapuntas,Goma Faber-castell moldeable en estuche,https://www.boykot.cl/tienda/materiales/gomas-sacapuntas/goma-faber-castell-moldeable-en-estuche/
166096,simple,False,Accesorios|Limpiadores,Solucion base Acetona PayChris,https://www.boykot.cl/tienda/materiales/accesorios-materiales/solucion-base-acetona-paychris/
161635,simple,False,ICscreen|Tramas,IC Screen S-191,https://www.boykot.cl/tienda/materiales/tramas/ic-screen-s-191/
156945,simple,False,Tramas,IC Illustration Screen S-594,https://www.boykot.cl/tienda/materiales/tramas/ic-illustration-screen-s-594/
156880,simple,False,Tramas,IC Screen S-446,https://www.boykot.cl/tienda/materiales/tramas/ic-screen-s-446/
147029,simple,False,NINGUNA,X-press it Mask It Sheets,https://www.boykot.cl/tienda/uncategorized/x-press-itmask-it-sheets/
130355,simple,False,NINGUNA,Jockey Most wanted Logodrip,https://www.boykot.cl/tienda/uncategorized/jockey-most-wanted-logodrip/
129959,simple,False,Posca,"Uni POSCA 5M Set 8 colores &#8211; Bullet shaped 1,8-2,5 mm",https://www.boykot.cl/tienda/marcadores/posca/uni-posca-5m-set-8-colores-bullet-shaped-18-25-mm/
129245,simple,False,NINGUNA,Pincel Princeton Snap! 2 Round Bright 9700R-2,https://www.boykot.cl/tienda/uncategorized/pincel-princeton-snap-2-round-bright-9700r-2-2/
116809,simple,False,Cordones|Cordones Planos Básicos,Cordones Planos &#8211; Neon Pink,https://www.boykot.cl/tienda/pintura/angelus/cordones/cordones-planos-neon-pink/
116724,simple,False,Cordones|Cordones Planos Básicos,Cordones Planos &#8211; Purple,https://www.boykot.cl/tienda/pintura/angelus/cordones/cordones-planos-purple/
116610,simple,False,Cordones|Cordones Redondos Roshe-Style,Cordones Redondos Roshe &#8211; Chocolate,https://www.boykot.cl/tienda/pintura/angelus/cordones/cordones-redondos-roshe-chocolate/
116604,simple,False,Cordones|Cordones Redondos Roshe-Style,Cordones Redondos Roshe &#8211; Capuccino,https://www.boykot.cl/tienda/pintura/angelus/cordones/cordones-redondos-roshe-capuccino/
116112,simple,False,Cordones|Cordones Planos Multicolor,Cordones Planos Multi-color &#8211; Black/White,https://www.boykot.cl/tienda/pintura/angelus/cordones/cordones-planos-multi-color-black-white/
114738,simple,False,NINGUNA,Polera Reality Distortion Field Longsleeve Shirt (Black) L,https://www.boykot.cl/tienda/uncategorized/polera-reality-distortion-field-longsleeve-shirt-2/
114645,simple,False,NINGUNA,Bufanda Familia Scarf One Size,https://www.boykot.cl/tienda/uncategorized/bufanda-familia-scarf-one-size/
114641,simple,False,NINGUNA,Bolso Essential Tri-Strap Chest Bag  (Desert Coral),https://www.boykot.cl/tienda/uncategorized/bolso-essential-tri-strap-chest-bag/
114625,simple,False,NINGUNA,Jockey Spyral Dynamics  6 Panel Hat,https://www.boykot.cl/tienda/uncategorized/jockey-spyral-dynamics-6-panel-hat/
114532,simple,False,NINGUNA,Gorro con Pompom #EFFERSlife Pom,https://www.boykot.cl/tienda/uncategorized/gorro-con-pompom/
114419,simple,False,NINGUNA,Bolso Hip Utility &#8211; Realtree® AP Camo,https://www.boykot.cl/tienda/uncategorized/bolso-hip-utility/
114396,simple,False,NINGUNA,Lentes Rainbow Mirror Face Visor Eye Shield,https://www.boykot.cl/tienda/uncategorized/lentes-rainbow-mirror-face-visor-eye-shield/
110728,simple,False,Estuche,Estuche enrollable Cuero vacío 180010,https://www.boykot.cl/tienda/materiales/estuche/estuche-enrollable-cuero-vacio-180010/
109149,simple,False,Accesorios,Goma para gamuza,https://www.boykot.cl/tienda/materiales/accesorios-materiales/goma-para-gamuza/
109146,simple,False,Accesorios,Kit de Limpieza para Gorros Capas y cuidados,https://www.boykot.cl/tienda/materiales/accesorios-materiales/kit-de-limpieza/
108954,simple,False,NINGUNA,Washi tape IC [Edición Limitada] &#8211; Girl´s comics,https://www.boykot.cl/tienda/uncategorized/washi-tape-ic-edicion-limitada-girls-comics/
108104,simple,False,Copic Shikishi|Croqueras,Autograph board (Shikishi),https://www.boykot.cl/tienda/copic/copic-shikishi/autograph-board-shikishi/
107290,simple,False,Pinceles,Pincel Princeton Snap! 4 Filbert 9650FB-4,https://www.boykot.cl/tienda/materiales/pinceles/pincel-princeton-snap-4-filbert-9650fb-4/
107282,simple,False,Accesorios|Accesorios|Materiales,Cinta masking Bailida azul,https://www.boykot.cl/tienda/materiales/accesorios-materiales/cinta-masking-bailida-azul/
107278,simple,False,Accesorios|Accesorios,Cepillo de bronce para Gamuza,https://www.boykot.cl/tienda/materiales/accesorios-materiales/cepillo-de-bronce-para-gamuza/
107275,simple,False,Accesorios,Activador de color Gamuza Capas y Cuidados 120 ml,https://www.boykot.cl/tienda/materiales/accesorios-materiales/activador-de-color-gamuza-capas-y-cuidados-120-ml/
107257,simple,False,Acuarela|Ecoline,Set Ecoline-5 Colores Beige Pink,https://www.boykot.cl/tienda/marcadores/ecoline/set-ecoline-5-colores-beige-pink/
107255,simple,False,Brushpen|Marcadores,Set Ecoline-5 colores,https://www.boykot.cl/tienda/marcadores/brushpen/set-ecoline-5-colores/
107249,simple,False,Ecoline,Set Ecoline-5 colores Red,https://www.boykot.cl/tienda/marcadores/ecoline/set-ecoline-5-colores-red/
107246,simple,False,Acuarela|Ecoline,Set Ecoline-5 colores Violet,https://www.boykot.cl/tienda/marcadores/ecoline/set-ecoline-5-colores-violet/
106910,simple,False,ICscreen|Materiales|Tramas,IC Manga Studio Pro,https://www.boykot.cl/tienda/materiales/tramas/ic-manga-studio-pro/
106604,simple,False,Acuarela|Acuarela,Acuarela pastilla-Van Gogh Pocket Box 12,https://www.boykot.cl/tienda/materiales/acuarela-materiales/acuarela-pastilla-van-gogh-pocket-box-12/
106323,simple,False,Accesorios|Gomas|Gomas y sacapuntas,Goma Faber-castell PVC free 18 85 38,https://www.boykot.cl/tienda/materiales/accesorios-materiales/goma-faber-castell-pvc-free-18-85-38/
106292,simple,False,Lápices|Portaminas y minas,Mina Faber-castell 0.9 mm B 24 un. 9009/MA,https://www.boykot.cl/tienda/lapices/portaminas-y-minas/mina-faber-castell-0-9-mm-b-24-un-9009-ma/
106230,simple,False,Boligrafo|Lápices,Gel Roller Uni Ball Signo 0.7 mm,https://www.boykot.cl/tienda/lapices/boligrafo/gel-roller-uni-ball-signo-0-7-mm/
106227,simple,False,Accesorios|Accesorios|Pintura,GLASURIT 934-10 1C IMPRIMACIÓN ADHERENTE PARA PLÁSTICOS,https://www.boykot.cl/tienda/materiales/accesorios-materiales/glasurit-934-10-1c-imprimacion-adherente-para-plasticos/
104333,simple,False,Spray|Urban Fine Art,UFA Styrofoam PRIMER white 400ml,https://www.boykot.cl/tienda/pintura/sprays/urban-fine-art/ufa-styrofoam-primer-white-400ml/
104154,simple,False,Pintura,Acabado Cuero Angelus Edge Finish Brown,https://www.boykot.cl/tienda/pintura/acabado-cuero-angelus-edge-finish-brown/
104132,simple,False,Accesorios,Esponja organizadora 200.022,https://www.boykot.cl/tienda/materiales/accesorios-materiales/esponja-organizadora-200-022/
104113,simple,False,Acuarela|Ecoline,Set Ecoline-5 Colores Primary,https://www.boykot.cl/tienda/marcadores/ecoline/set-ecoline-5-colores-primary/
104098,simple,False,Acuarela|Brushpen|Ecoline,Set Ecoline GREY,https://www.boykot.cl/tienda/marcadores/brushpen/set-ecoline-grey/
103451,simple,False,Gomas|Gomas y sacapuntas|Portaminas y minas,Goma Portaminas MS-5 4un,https://www.boykot.cl/tienda/lapices/portaminas-y-minas/goma-portaminas-ms-5-4un/
103420,simple,False,Lápices|Lápiz gel,Lápiz Gel CHOOSE White BL-CH-7-W,https://www.boykot.cl/tienda/lapices/lapiz-gel/lapiz-gel-choose-white-bl-ch-7-w/
103411,simple,False,Herramientas de corte,Cuchillo 9mm Olfa 180 Black,https://www.boykot.cl/tienda/materiales/herramientas-de-corte/cuchillo-9mm-olfa-180-black/
103337,simple,False,Pintura,ESTUCHE PORTABLE BAG 36,https://www.boykot.cl/tienda/pintura/estuche-portable-bag-36/
99152,simple,False,Pinceles,Pincel Princeton Snap! 2 Liner 9650L-2,https://www.boykot.cl/tienda/materiales/pinceles/pincel-princeton-snap-2-liner-9650l-2/
98636,simple,False,Acuarela|Acuarela Holbein|Sets Holbein,Acuarela Set HWC 12 Tubos &#8211; Shigure Collab W496,https://www.boykot.cl/tienda/pintura/holbein/sets-holbein/acuarela-set-hwc-12-tubos-shigure-collab-w496/
98632,simple,False,Gouache Holbein|Pintura|Sets Holbein,Gouache Set 5 Colores 15ml (caja negra) G741,https://www.boykot.cl/tienda/pintura/holbein/sets-holbein/gouache-set-5-colores-15ml-caja-negra-g741/
98625,simple,False,Acuarela|Acuarela Holbein|Sets Holbein,Color Sample HWC Holbein artist watercolor,https://www.boykot.cl/tienda/pintura/holbein/sets-holbein/color-sample-hwc-holbein-artist-watercolor/
98622,simple,False,Accesorios Holbein|Papeles,Coloring Book MUSEUM &#8211; Yuko Higuchi,https://www.boykot.cl/tienda/pintura/holbein/accesorios-holbein/coloring-book-museum-yuko-higuchi/
98613,simple,False,Accesorios Holbein,Paleta plástica Palette 3000 211313,https://www.boykot.cl/tienda/pintura/holbein/accesorios-holbein/paleta-plastica-palette-3000-211313/
97507,simple,False,Brushpen|Kuretake|Tiralíneas Brushpen,"Fude Pen No.22, Black (con deposito) DM150-22B",https://www.boykot.cl/tienda/lapices/brushpen-pens/fude-pen-7/
97121,simple,False,Pinceles,Pincel Princeton Snap! 4 Flat 9800F-4,https://www.boykot.cl/tienda/materiales/pinceles/pincel-princeton-snap-4-flat-9800f-4/
97119,simple,False,Pinceles,Pincel Princeton Snap! 1/4 Angle Shader 9650AS-025,https://www.boykot.cl/tienda/materiales/pinceles/pincel-princeton-snap-1-4-angle-shader-9650as-025/
88890,simple,False,Boligrafo,PLUMA  AL-STAR 028 oceanblue 4000315,https://www.boykot.cl/tienda/lapices/boligrafo/pluma-al-star-028-oceanblue-4000315/
88884,simple,False,Base agua|Catridge Recargas|Tiralíneas Brushpen,Blackliner recarga tinta negra 30ml.,https://www.boykot.cl/tienda/lapices/catridge-recargas/boligrafo-safari-282-noto-black-4000981/
88877,simple,False,Boligrafo,BOLIGRAFO SAFARI 219 black (retractil) 4030235,https://www.boykot.cl/tienda/lapices/boligrafo/boligrafo-safari-219-black-retractil-4030235/
88875,simple,False,Boligrafo,BOLIGRAFO SAFARI 217 umbra (retractil) 4030237,https://www.boykot.cl/tienda/lapices/boligrafo/boligrafo-safari-217-umbra-retractil-4030237/
88873,simple,False,Boligrafo,BOLIGRAFO SAFARI 216 red (retractil) 4000884,https://www.boykot.cl/tienda/lapices/boligrafo/boligrafo-safari-216-red-retractil-4000884/
88871,simple,False,Boligrafo,BOLIGRAFO LOGO 204 M + white bl 4030229,https://www.boykot.cl/tienda/lapices/boligrafo/boligrafo-logo-204-m-white-bl-4030229/
88637,simple,False,Acuarela|Brushpen|Ecoline|Marcadores,Set Ecoline-5 colores Pastel,https://www.boykot.cl/tienda/marcadores/brushpen/set-ecoline-5-colores-pastel/
88205,simple,False,Marcadores,V Super Color Chisel Black SCA-VSC-MC-B,https://www.boykot.cl/tienda/marcadores/v-super-color-chisel-black-sca-vsc-mc-b/
88143,simple,False,Marcadores,Parallel Pen 2.4mm FP3-24-SSN,https://www.boykot.cl/tienda/marcadores/parallel-pen-2-4mm-fp3-24-ssn/
88080,simple,False,Gomas|Gomas y sacapuntas|Grafito|Portaminas y minas,Goma Portaminas MS-10 5un,https://www.boykot.cl/tienda/lapices/grafito/goma-portaminas-ms-10-5un/
87384,simple,False,Boligrafo|Lápices,Uniball Signo 1.0 White (lápiz gel),https://www.boykot.cl/tienda/lapices/boligrafo/uniball-signo-1-0-white-lapiz-gel/
87311,simple,False,Portaminas y minas,Portaminas 0.5 Orenz White,https://www.boykot.cl/tienda/lapices/portaminas-y-minas/portaminas-0-5-orenz-white/
87279,simple,False,Gomas|Gomas y sacapuntas|Lápiz goma,Goma Retractable eraser un.,https://www.boykot.cl/tienda/materiales/gomas-sacapuntas/goma-retractable-eraser-un/
86653,simple,False,Acrilex,Pintura Textil Mate 37 ml color 933 Gris,https://www.boykot.cl/tienda/acrilex/pintura-textil-mate-37-ml-color-933-gris/
86556,simple,False,Acrilex,Pintura Textil Mate 37 ml color 986 Caqui,https://www.boykot.cl/tienda/acrilex/pintura-textil-mate-37-ml-color-986-caqui/
86545,simple,False,Acrilex,Pintura Textil Mate 37 ml color 985 Verde Kiwi,https://www.boykot.cl/tienda/acrilex/pintura-textil-mate-37-ml-color-985-verde-kiwi/
86492,simple,False,Acrilex,Pintura Textil Mate 37 ml color 984 Rojo Navidad,https://www.boykot.cl/tienda/acrilex/pintura-textil-mate-37-ml-color-984-rojo-navidad/
85997,simple,False,Pinceles,Pincel KRACK &#8211; LENGUA DE GATO N°7,https://www.boykot.cl/tienda/materiales/pinceles/lengua-de-gato-n7/
85992,simple,False,Pinceles,Pincel KRACK &#8211; LENGUA DE GATO N°2,https://www.boykot.cl/tienda/materiales/pinceles/lengua-de-gato-n2/
85987,simple,False,Pinceles,Pincel KRACK &#8211; ANGULAR N°5,https://www.boykot.cl/tienda/materiales/pinceles/angular-n5/
85982,simple,False,Pinceles,Pincel KRACK &#8211; ANGULAR N°2,https://www.boykot.cl/tienda/materiales/pinceles/angular-n2/
85977,simple,False,Pinceles,PLANO N°10,https://www.boykot.cl/tienda/materiales/pinceles/plano-n10/
85972,simple,False,Pinceles,PLANO N°6,https://www.boykot.cl/tienda/materiales/pinceles/plano-n6/
85967,simple,False,Pinceles,PLANO N°3,https://www.boykot.cl/tienda/materiales/pinceles/plano-n3/
85621,simple,False,Acuarela Holbein|Pintura,Acuarela 12 Tubos W494 Nanakami Mana,https://www.boykot.cl/tienda/pintura/holbein/acuarela-holbein/acuarela-set-hwc-12-tubos-nanakami-mana/
85607,simple,False,Accesorios|Accesorios Holbein|Sellantes,Spray Fixative Handy O620 100ml,https://www.boykot.cl/tienda/pintura/holbein/accesorios-holbein/spray-fixative-handy-100ml-o620/
85437,simple,False,Posca,"Uni POSCA 5M Set SOFT 8 colores &#8211; 1,8-2,5 mm",https://www.boykot.cl/tienda/marcadores/posca/uni-posca-5m-set-soft-8-colores-18-25-mm/
85430,simple,False,Limpiadores,Limpiador Angelus Spot Remover 802,https://www.boykot.cl/tienda/limpiadores/limpiador-angelus-angelus-spot-remover-802/
84251,simple,False,Angelus|Pintura,Pintura  Angelus Pint color 264 Putty,https://www.boykot.cl/tienda/pintura/angelus/pintura-angelus-pint-color-264-putty/
84249,simple,False,Angelus|Pintura,Pintura  Angelus Pint color 167 Taupe,https://www.boykot.cl/tienda/pintura/angelus/pintura-angelus-pint-color-167-taupe/
84245,simple,False,Angelus|Pintura,Pintura  Angelus Pint color 021 Light Brown,https://www.boykot.cl/tienda/pintura/angelus/pintura-angelus-pint-color-021-light-brown/
84243,simple,False,Pintura,Pintura  Angelus Pint color 156 Champagne,https://www.boykot.cl/tienda/pintura/pintura-angelus-pint-color-156-champagne/
84242,simple,False,Angelus|Pintura,Pintura  Angelus Pint color 093 Brick,https://www.boykot.cl/tienda/pintura/angelus/pintura-angelus-pint-color-093-brick/
84241,simple,False,Pintura,Pintura  Angelus Pint color 171 Dark Green,https://www.boykot.cl/tienda/pintura/pintura-angelus-pint-color-171-dark-green/
84237,simple,False,Angelus|Pintura,Pintura  Angelus Pint color 018 Dark Brown,https://www.boykot.cl/tienda/pintura/angelus/pintura-angelus-pint-color-018-dark-brown/
84231,simple,False,Pintura,Pintura  Angelus Pint color 177 Sapphire,https://www.boykot.cl/tienda/pintura/pintura-angelus-pint-color-177-sapphire/
84228,simple,False,Pintura,Pintura  Angelus Pint color 027 Saddle,https://www.boykot.cl/tienda/pintura/pintura-angelus-pint-color-027-saddle/
84225,simple,False,Pintura,Pintura  Angelus Pint color 196 Mustard,https://www.boykot.cl/tienda/pintura/pintura-angelus-pint-color-196-mustard/
84223,simple,False,Angelus|Pintura,Pintura  Angelus Pint color 163 Capezio Tan,https://www.boykot.cl/tienda/pintura/angelus/pintura-angelus-pint-color-163-capezio-tan/
84222,simple,False,Angelus|Pintura,Pintura  Angelus Pint color 180 Cognac,https://www.boykot.cl/tienda/pintura/angelus/pintura-angelus-pint-color-180-cognac/
84219,simple,False,Angelus|Pintura,Pintura  Angelus Pint color 169 Mauve,https://www.boykot.cl/tienda/pintura/angelus/pintura-angelus-pint-color-169-mauve/
84218,simple,False,Angelus|Pintura,Pintura  Angelus Pint color 157 Dark Bone,https://www.boykot.cl/tienda/pintura/angelus/pintura-angelus-pint-color-157-dark-bone/
84215,simple,False,Pintura,Pintura  Angelus Pint color 165 Beige Taupe,https://www.boykot.cl/tienda/pintura/pintura-angelus-pint-color-165-beige-taupe/
84209,simple,False,Pintura,Pintura  Angelus Pint color 268 Raspberry,https://www.boykot.cl/tienda/pintura/pintura-angelus-pint-color-268-raspberry/
84207,simple,False,Angelus|Pintura,Pintura  Angelus Pint color 159 Mist,https://www.boykot.cl/tienda/pintura/angelus/pintura-angelus-pint-color-159-mist/
84205,simple,False,Angelus|Pintura,Pintura  Angelus Pint color 042 Navy Blue,https://www.boykot.cl/tienda/pintura/angelus/pintura-angelus-pint-color-042-navy-blue/
84198,simple,False,Angelus|Pintura,Pintura  Angelus Pint color 166 Grey Taupe,https://www.boykot.cl/tienda/pintura/angelus/pintura-angelus-pint-color-166-grey-taupe/
84194,simple,False,Pintura,Pintura  Angelus Pint color 262 Play in the Sand,https://www.boykot.cl/tienda/pintura/pintura-angelus-pint-color-262-play-in-the-sand/
84185,simple,False,Pintura,Pintura  Angelus Pint color 182 Sand,https://www.boykot.cl/tienda/pintura/pintura-angelus-pint-color-182-sand/
84183,simple,False,Angelus|Pintura,Pintura  Angelus Pint color 082 Light Grey,https://www.boykot.cl/tienda/pintura/angelus/pintura-angelus-pint-color-082-light-grey/
84179,simple,False,Angelus|Pintura,Pintura  Angelus Pint color 142 Bronze,https://www.boykot.cl/tienda/pintura/angelus/pintura-angelus-pint-color-142-bronze/
84175,simple,False,Pintura,Pintura  Angelus Pint color 161 Natural,https://www.boykot.cl/tienda/pintura/pintura-angelus-pint-color-161-natural/
84173,simple,False,Pintura,Pintura  Angelus Pint color 029 Tan,https://www.boykot.cl/tienda/pintura/pintura-angelus-pint-color-029-tan/
84167,simple,False,Pintura,Pintura  Angelus Pint color 194 Caramel,https://www.boykot.cl/tienda/pintura/pintura-angelus-pint-color-194-caramel/
84165,simple,False,Angelus|Pintura,Pintura  Angelus Pint color 155 Bone,https://www.boykot.cl/tienda/pintura/angelus/pintura-angelus-pint-color-155-bone/
84163,simple,False,Angelus|Pintura,Pintura  Angelus Pint color 274 Luggage Brown,https://www.boykot.cl/tienda/pintura/angelus/pintura-angelus-pint-color-274-luggage-brown/
84160,simple,False,Pintura,Pintura  Angelus Pint color 260 Chili Red,https://www.boykot.cl/tienda/pintura/pintura-angelus-pint-color-260-chili-red/
84157,simple,False,Pintura,Pintura  Angelus Pint color 141 Copper,https://www.boykot.cl/tienda/pintura/pintura-angelus-pint-color-141-copper/
84149,simple,False,Angelus|Pintura,Pintura  Angelus Pint color 191 Shell Pink,https://www.boykot.cl/tienda/pintura/angelus/pintura-angelus-pint-color-191-shell-pink/
84146,simple,False,Pintura,Pintura  Angelus Pint color 272 Olive,https://www.boykot.cl/tienda/pintura/pintura-angelus-pint-color-272-olive/
84141,simple,False,Angelus|Pintura,Pintura  Angelus Pint color 179 Dark Blue,https://www.boykot.cl/tienda/pintura/angelus/pintura-angelus-pint-color-179-dark-blue/
84139,simple,False,Pintura,Pintura  Angelus Pint color 189 Petal Pink,https://www.boykot.cl/tienda/pintura/pintura-angelus-pint-color-189-petal-pink/
84133,simple,False,Pintura,Pintura  Angelus Pint color 015 Chocolate,https://www.boykot.cl/tienda/pintura/pintura-angelus-pint-color-015-chocolate/
84129,simple,False,Pintura,Pintura  Angelus Pint color 070 Beige,https://www.boykot.cl/tienda/pintura/pintura-angelus-pint-color-070-beige/
84127,simple,False,Pintura,Pintura  Angelus Pint color 273 Bowler Brown,https://www.boykot.cl/tienda/pintura/pintura-angelus-pint-color-273-bowler-brown/
84125,simple,False,Pintura,Pintura  Angelus Pint color 263 Grinch Green,https://www.boykot.cl/tienda/pintura/pintura-angelus-pint-color-263-grinch-green/
84123,simple,False,Pintura,Pintura  Angelus Pint color 168 Dark Taupe,https://www.boykot.cl/tienda/pintura/pintura-angelus-pint-color-168-dark-taupe/
84119,simple,False,Pintura,Pintura  Angelus Pint color 183 Terra Cotta Red,https://www.boykot.cl/tienda/pintura/pintura-angelus-pint-color-183-terra-cotta-red/
84115,simple,False,Angelus|Pintura,Pintura  Angelus Pint color 184 Autumn Red,https://www.boykot.cl/tienda/pintura/angelus/pintura-angelus-pint-color-184-autumn-red/
84111,simple,False,Pintura,Pintura  Angelus Pint color 160 Vanilla,https://www.boykot.cl/tienda/pintura/pintura-angelus-pint-color-160-vanilla/
84109,simple,False,Pintura,Pintura  Angelus Pint color 267 Salmon,https://www.boykot.cl/tienda/pintura/pintura-angelus-pint-color-267-salmon/
84107,simple,False,Pintura,Pintura  Angelus Pint color 181 Rich Brown,https://www.boykot.cl/tienda/pintura/pintura-angelus-pint-color-181-rich-brown/
84101,simple,False,Angelus|Pintura,Pintura  Angelus Pint color 081 Grey,https://www.boykot.cl/tienda/pintura/angelus/pintura-angelus-pint-color-081-grey/
84097,simple,False,Angelus|Pintura,Pintura  Angelus Pint color 197 Pale Yellow,https://www.boykot.cl/tienda/pintura/angelus/pintura-angelus-pint-color-197-pale-yellow/
84096,simple,False,Angelus|Pintura,Pintura  Angelus Pint color 176 Pale Blue,https://www.boykot.cl/tienda/pintura/angelus/pintura-angelus-pint-color-176-pale-blue/
84093,simple,False,Pintura,Pintura  Angelus Pint color 275 Satchel Tan,https://www.boykot.cl/tienda/pintura/pintura-angelus-pint-color-275-satchel-tan/
84092,simple,False,Pintura,Pintura  Angelus Pint color 019 English Tan,https://www.boykot.cl/tienda/pintura/pintura-angelus-pint-color-019-english-tan/
84087,simple,False,Pintura,Pintura  Angelus Pint color 174 Gift Box Blue,https://www.boykot.cl/tienda/pintura/pintura-angelus-pint-color-174-gift-box-blue/
84085,simple,False,Pintura,Pintura  Angelus Pint color 266 Georgia Peach,https://www.boykot.cl/tienda/pintura/pintura-angelus-pint-color-266-georgia-peach/
84081,simple,False,Angelus|Pintura,Pintura  Angelus Pint color 190 Scarlet Red,https://www.boykot.cl/tienda/pintura/angelus/pintura-angelus-pint-color-190-scarlet-red/
84079,simple,False,Angelus,Pintura  Angelus Pint color 080 Dark Grey,https://www.boykot.cl/tienda/pintura/angelus/pintura-angelus-pint-color-080-dark-grey/
84075,simple,False,Angelus|Pintura,Pintura  Angelus Pint color 198 Buttercup,https://www.boykot.cl/tienda/pintura/angelus/pintura-angelus-pint-color-198-buttercup/
84074,simple,False,Angelus|Pintura,Pintura  Angelus Pint color 143 Pewter,https://www.boykot.cl/tienda/pintura/angelus/pintura-angelus-pint-color-143-pewter/
84073,simple,False,Angelus|Pintura,Pintura  Angelus Pint color 261 South Beach,https://www.boykot.cl/tienda/pintura/angelus/pintura-angelus-pint-color-261-south-beach/
82803,simple,False,NINGUNA,Pincel Princeton Snap! 2/0 Round 9850R-2/0,https://www.boykot.cl/tienda/uncategorized/pincel-princeton-snap-2-0-round-9850r-2-0-2/
80017,simple,False,Sellantes|Sellantes y aditivos,RALEIGH SCRATCH RESISTANT SEALER (SELLADOR) 2 OZ,https://www.boykot.cl/tienda/materiales/sellantes/raleigh-scratch-resistant-sealer-sellador-2-oz/
80015,simple,False,Sellantes|Sellantes y aditivos,RALEIGH SCRATCH RESISTANT SEALER (SELLADOR) 4 OZ,https://www.boykot.cl/tienda/materiales/sellantes/raleigh-scratch-resistant-sealer-sellador-4-oz/
79455,simple,False,Pinceles,Set 3 Pinceles 9105,https://www.boykot.cl/tienda/materiales/pinceles/set-3-pinceles-9105/
79453,simple,False,Pinceles,Set 3 Pinceles 9100,https://www.boykot.cl/tienda/materiales/pinceles/set-3-pinceles-9100/
79246,simple,False,Grafito|Prismacolor,Prismacolor 18 Graphite Drawing Set,https://www.boykot.cl/tienda/lapices/prismacolor/prismacolor-18-graphite-drawing-set/
79237,simple,False,Marcadores|ONE4ALL|Sets,Acrylic Twin Set-200488 Basic Set 1 &#8211; 6 Unid.,https://www.boykot.cl/tienda/marcadores/molotow-markers/molotow-markers-sets/acrylic-twin-set-200488-basic-set-1-6-unid/
74745,simple,False,Pintura,Acabado Cuero Angelus  Edge Finish Black,https://www.boykot.cl/tienda/pintura/acabado-cuero-angelus-edge-finish-black/
73612,simple,False,Acuarela|Ecoline,Set Ecoline Blue,https://www.boykot.cl/tienda/marcadores/ecoline/set-ecoline-blue/
73606,simple,False,Acuarela|Ecoline,Set Ecoline Earth,https://www.boykot.cl/tienda/marcadores/ecoline/set-ecoline-earth/
73595,simple,False,Acuarela|Ecoline,Set Ecoline 5 colores Autumn,https://www.boykot.cl/tienda/marcadores/ecoline/set-ecoline/
73587,simple,False,Accesorios|Aditivos|Sellantes y aditivos,Medium Golden GAC 100 Acrylic primer and extender 8 onzas,https://www.boykot.cl/tienda/materiales/accesorios-materiales/medium-golden-gac-100-acrylic-primer-and-extender-8-onzas-2/
73564,simple,False,Pinceles,Snap! 1&#8243; Stroke 9650ST-100,https://www.boykot.cl/tienda/materiales/pinceles/snap-1-stroke-9650st-100/
70532,simple,False,Acuarela,Acuarela pastilla Van Gogh Pocket Box Muted Colors,https://www.boykot.cl/tienda/pintura/acuarela-pintura/acuarela-pastilla-van-gogh-pocket-box-muted-colors/
70494,simple,False,Acuarela,Acuarela pastilla Van Gogh Pocket Box Pinks and Violets,https://www.boykot.cl/tienda/pintura/acuarela-pintura/acuarela-pastilla-van-gogh-pocket-box-pinks-and-violets/
70489,simple,False,Acuarela,Acuarela pastilla Van Gogh Pocket Box Vibrant Colors,https://www.boykot.cl/tienda/pintura/acuarela-pintura/acuarela-pastilla-van-gogh-pocket-box-vibrant-colors/
70482,simple,False,Acuarela,Acuarela pastilla Van Gogh P.B Metallic and Interference,https://www.boykot.cl/tienda/pintura/acuarela-pintura/acuarela-pastilla-van-gogh-p-b-metallic-and-interference/
70177,simple,False,Lapices de colores,Lápices de color 150un OP946 (Caja de madera),https://www.boykot.cl/tienda/lapices/lapices-de-colores/lapices-de-colores-set-150-colores-caja-de-madera-op946/
70069,simple,False,Pinceles,Set 5 pinceles Real Value Turquesa 9174,https://www.boykot.cl/tienda/materiales/pinceles/set-5-pinceles-real-value-turquesa-9174/
70067,simple,False,Pinceles,Pinceles Real Value Set 4 pinceles dorados (calypso) 9171,https://www.boykot.cl/tienda/materiales/pinceles/pinceles-real-value-set-4-pinceles-dorados-calypso-9171-2/
69644,simple,False,Acrílico Holbein,Holbein Acrilico Denso 20 ml color Quinacridone Magenta,https://www.boykot.cl/tienda/pintura/holbein/acrilico-holbein/holbein-acrilico-denso-20-ml-color-permanent-yellow/
69582,simple,False,Acrílico Holbein,Holbein Acrilico Denso 20 ml color Hansa Yellow Light,https://www.boykot.cl/tienda/pintura/holbein/acrilico-holbein/holbein-acrilico-denso-20-ml-color-cobalt-green-deep/
69542,simple,False,Oleo,Oleo 20 ml color Silver White SF,https://www.boykot.cl/tienda/pintura/oleo/oleo-20-ml-color-silver-white-sf/
69409,simple,False,Acrílico Holbein,Holbein Acrilico Denso 20 ml color Phthalo Turquoise,https://www.boykot.cl/tienda/pintura/holbein/acrilico-holbein/holbein-acrilico-denso-20-ml-color-nickel-azo-yellow/
69395,simple,False,Oleo,Oleo 20 ml color Quinacridone Opera,https://www.boykot.cl/tienda/pintura/oleo/oleo-20-ml-color-quinacridone-opera/
69387,simple,False,NINGUNA,Gouache 15 ml color Ultramarine Deep,https://www.boykot.cl/tienda/uncategorized/gouache-15-ml-color-imidazolone-brown/
69366,simple,False,Oleo,Oleo 20 ml color Cerulean Blue Hue,https://www.boykot.cl/tienda/pintura/oleo/oleo-20-ml-color-cerulean-blue-hue/
69345,simple,False,Acrílico Holbein,Holbein Acrilico Denso 20 ml color Phthalo Blue Red Shade,https://www.boykot.cl/tienda/pintura/holbein/acrilico-holbein/holbein-acrilico-denso-20-ml-color-phthalo-green-yellow-shade/
69273,simple,False,Oleo,Oleo 20 ml color ntique Green,https://www.boykot.cl/tienda/pintura/oleo/oleo-20-ml-color-ntique-green/
69235,simple,False,Acrílico Holbein,Holbein Acrilico Denso 20 ml color Hansa Yellow,https://www.boykot.cl/tienda/pintura/holbein/acrilico-holbein/holbein-acrilico-denso-20-ml-color-cobalt-violet-light/
69174,simple,False,Oleo,Oleo 20 ml color Silver White,https://www.boykot.cl/tienda/pintura/oleo/oleo-20-ml-color-silver-white/
69115,simple,False,NINGUNA,Gouache 15 ml color Burnt Umber,https://www.boykot.cl/tienda/uncategorized/gouache-15-ml-color-cadmium-yellow-orange/
69078,simple,False,Oleo,Oleo 20 ml color Titanium White,https://www.boykot.cl/tienda/pintura/oleo/oleo-20-ml-color-titanium-white/
68484,simple,False,Angelus|Pintura,Pintura Cuero Angelus 4 onzas 160 Vanilla,https://www.boykot.cl/tienda/pintura/angelus/pintura-cuero-angelus-4-onzas-160-vanilla/
68466,simple,False,Angelus|Pintura,Pintura Cuero Angelus 4 onzas 162 Cream,https://www.boykot.cl/tienda/pintura/angelus/pintura-cuero-angelus-4-onzas-162-cream/
68410,simple,False,Angelus|Pintura,Pintura Cuero Angelus 4 onzas 171 Dark Green,https://www.boykot.cl/tienda/pintura/angelus/pintura-cuero-angelus-4-onzas-171-dark-green/
68392,simple,False,Angelus|Pintura,Pintura Cuero Angelus 4 onzas 179 Dark Blue,https://www.boykot.cl/tienda/pintura/angelus/pintura-cuero-angelus-4-onzas-179-dark-blue/
68378,simple,False,Angelus|Pintura,Pintura Cuero Angelus 4 onzas 274 Luggage Brown,https://www.boykot.cl/tienda/pintura/angelus/pintura-cuero-angelus-4-onzas-274-luggage-brown/
68357,simple,False,Angelus|Pintura,Pintura Cuero Angelus 4 onzas 270 Vachetta,https://www.boykot.cl/tienda/pintura/angelus/pintura-cuero-angelus-4-onzas-270-vachetta/
68351,simple,False,Angelus|Pintura,Pintura Cuero Angelus 4 onzas 184 Autumn Red,https://www.boykot.cl/tienda/pintura/angelus/pintura-cuero-angelus-4-onzas-184-autumn-red/
68013,simple,False,Angelus|Pintura,Pintura Cuero Angelus 1 oz Dark Taupe,https://www.boykot.cl/tienda/pintura/angelus/pintura-cuero-angelus-1-oz-dark-taupe/
66840,simple,False,Copic,Marcador Copic Wide &#8211; C7,https://www.boykot.cl/tienda/marcadores/copic-markers/marcador-copic-wide-c7/
66821,simple,False,Copic,Marcador Copic Wide &#8211; E33,https://www.boykot.cl/tienda/marcadores/copic-markers/marcador-copic-wide-e33/
66771,simple,False,Copic,Marcador Copic Wide &#8211; B39,https://www.boykot.cl/tienda/marcadores/copic-markers/marcador-copic-wide-b39/
66723,simple,False,Copic,Marcador Copic Wide &#8211; E31,https://www.boykot.cl/tienda/marcadores/copic-markers/marcador-copic-wide-e31/
66685,simple,False,Copic,Marcador Copic Wide &#8211; W5,https://www.boykot.cl/tienda/marcadores/copic-markers/marcador-copic-wide-w5/
66629,simple,False,Copic,Marcador Copic Wide &#8211; BG10,https://www.boykot.cl/tienda/marcadores/copic-markers/marcador-copic-wide-bg10/
66557,simple,False,Copic,Marcador Copic Wide &#8211; R27,https://www.boykot.cl/tienda/marcadores/copic-markers/marcador-copic-wide-r27/
66552,simple,False,Copic,Marcador Copic Wide &#8211; R29,https://www.boykot.cl/tienda/marcadores/copic-markers/marcador-copic-wide-r29/
66279,simple,False,Copic,Marcador Copic Wide &#8211; YR04,https://www.boykot.cl/tienda/marcadores/copic-markers/marcador-copic-wide-yr04/
65903,simple,False,Copic,Marcador Copic Wide &#8211; E04,https://www.boykot.cl/tienda/marcadores/copic-markers/marcador-copic-wide-e04/
65818,simple,False,Copic,Marcador Copic Wide &#8211; B34,https://www.boykot.cl/tienda/marcadores/copic-markers/marcador-copic-wide-b34/
65632,simple,False,Copic,Marcador Copic Wide &#8211; W9,https://www.boykot.cl/tienda/marcadores/copic-markers/marcador-copic-wide-w9/
65594,simple,False,Copic,Marcador Copic Wide &#8211; C1,https://www.boykot.cl/tienda/marcadores/copic-markers/marcador-copic-wide-c1/
65536,simple,False,Copic,Marcador Copic Wide &#8211; B29,https://www.boykot.cl/tienda/marcadores/copic-markers/marcador-copic-wide-b29/
65533,simple,False,Copic,Marcador Copic Wide &#8211; W7,https://www.boykot.cl/tienda/marcadores/copic-markers/marcador-copic-wide-w7/
65501,simple,False,Copic,Marcador Copic Sketch &#8211; B24,https://www.boykot.cl/tienda/marcadores/copic-markers/marcador-copic-sketch-b24/
65330,simple,False,Copic,Marcador Copic Wide &#8211; V17,https://www.boykot.cl/tienda/marcadores/copic-markers/marcador-copic-wide-v17/
65219,simple,False,Copic,Marcador Copic Wide &#8211; B32,https://www.boykot.cl/tienda/marcadores/copic-markers/marcador-copic-wide-b32/
64800,simple,False,Copic,Marcador Copic Wide &#8211; Y15,https://www.boykot.cl/tienda/marcadores/copic-markers/marcador-copic-wide-y15/
64729,simple,False,Copic,Marcador Copic Wide &#8211; B24,https://www.boykot.cl/tienda/marcadores/copic-markers/marcador-copic-wide-b24/
64666,simple,False,Copic,Marcador Copic Wide &#8211; 0,https://www.boykot.cl/tienda/marcadores/copic-markers/marcador-copic-wide-0/
64133,simple,False,Copic,Marcador Copic Wide &#8211; Y08,https://www.boykot.cl/tienda/marcadores/copic-markers/marcador-copic-wide-y08/
63939,simple,False,Copic,Marcador Copic Wide &#8211; 110,https://www.boykot.cl/tienda/marcadores/copic-markers/marcador-copic-wide-110/
63888,simple,False,Copic,Marcador Copic Wide &#8211; G07,https://www.boykot.cl/tienda/marcadores/copic-markers/marcador-copic-wide-g07/
63820,simple,False,Copic,Marcador Copic Wide &#8211; W1,https://www.boykot.cl/tienda/marcadores/copic-markers/marcador-copic-wide-w1/
63641,simple,False,Copic,Marcador Copic Wide &#8211; W3,https://www.boykot.cl/tienda/marcadores/copic-markers/marcador-copic-wide-w3/
63432,simple,False,Copic,Marcador Copic Wide &#8211; E49,https://www.boykot.cl/tienda/marcadores/copic-markers/marcador-copic-wide-e49/
63312,simple,False,Copic,Marcador Copic Wide &#8211; E29,https://www.boykot.cl/tienda/marcadores/copic-markers/marcador-copic-wide-e29/
63259,simple,False,Copic,Marcador Copic Wide &#8211; Y17,https://www.boykot.cl/tienda/marcadores/copic-markers/marcador-copic-wide-y17/
63206,simple,False,Copic,Marcador Copic Wide &#8211; G21,https://www.boykot.cl/tienda/marcadores/copic-markers/marcador-copic-wide-g21/
63165,simple,False,Copic,Marcador Copic Wide &#8211; C3,https://www.boykot.cl/tienda/marcadores/copic-markers/marcador-copic-wide-c3/
63049,simple,False,Copic,Marcador Copic Wide &#8211; YG03,https://www.boykot.cl/tienda/marcadores/copic-markers/marcador-copic-wide-yg03/
62917,simple,False,Copic,Marcador Copic Wide &#8211; C5,https://www.boykot.cl/tienda/marcadores/copic-markers/marcador-copic-wide-c5/
62692,simple,False,Copic,Marcador Copic Wide &#8211; 100,https://www.boykot.cl/tienda/marcadores/copic-markers/marcador-copic-wide-100/
62538,simple,False,Copic,Marcador Copic Wide &#8211; R02,https://www.boykot.cl/tienda/marcadores/copic-markers/marcador-copic-wide-r02/
62438,simple,False,Copic,Marcador Copic Wide &#8211; Y26,https://www.boykot.cl/tienda/marcadores/copic-markers/marcador-copic-wide-y26/
62041,simple,False,Copic,Marcador Copic Wide &#8211; C9,https://www.boykot.cl/tienda/marcadores/copic-markers/marcador-copic-wide-c9/
58769,simple,False,Marcadores|ONE4ALL|Sets|Sets Molotow,127HS 2mm-200450 Basic 1 &#8211; 10 Unid.,https://www.boykot.cl/tienda/marcadores/molotow-markers/molotow-markers-sets/127hs-2mm-200450-basic-1-10-unid/
58763,simple,False,Papeles,Blackbook-801007 A5 Apaisado 120 gr.,https://www.boykot.cl/tienda/materiales/papeles/blackbook-801007-a5-apaisado-120-gr/
58739,simple,False,Aqua Ink|Marcadores,Aqua Color Brush 200490 Basic Set 1,https://www.boykot.cl/tienda/marcadores/molotow-markers/aqua-ink/aqua-color-brush-basic-set-1/
58734,simple,False,NINGUNA,Pincel Princeton Snap! 0 Round 9850R-0,https://www.boykot.cl/tienda/uncategorized/pincel-princeton-snap-0-round-9850r-0/
58527,simple,False,Empty,EM-111 EM 2mm,https://www.boykot.cl/tienda/marcadores/empty/em-111-em-2mm/
58507,simple,False,Kirarina|Marcadores,Kirarina Wink Sugar,https://www.boykot.cl/tienda/marcadores/kirarina/kirarina-set-wing-sugar/
58504,simple,False,Brushpen|Kuretake|Tiralíneas Brushpen,Bimoji Fude Pen Large Black XT4-10S,https://www.boykot.cl/tienda/lapices/brushpen-pens/bimoji-fude-pen-3/
57985,simple,False,Liquid Chrome|Marcadores,Liquid Chrome-refill 30 Ml,https://www.boykot.cl/tienda/marcadores/molotow-markers/liquid-chrome/liquid-chrome-refill-30-ml/
57956,simple,False,Angelus|Cordones|Herretes,Herrete &#8211; Bullet Metal Aglets &#8211; Flat Black,https://www.boykot.cl/tienda/pintura/angelus/cordones/cordones-herrete-bullet-metal-aglets-flat-black-boykot-graf/
57946,simple,False,Angelus|Cordones|Herretes,Herrete &#8211; Bullet Metal Aglets &#8211; Gunmetal,https://www.boykot.cl/tienda/pintura/angelus/cordones/cordones-herrete-bullet-metal-aglets-gunmetal-plateado-osc/
57822,simple,False,Liquid Chrome|Marcadores,Liquid Chrome-1 mm,https://www.boykot.cl/tienda/marcadores/molotow-markers/liquid-chrome/liquid-chrome-1-mm/
57739,simple,False,ONE4ALL|Sets Molotow,127HS 2mm-200230 Basic Set 1 &#8211; 6 Unid.,https://www.boykot.cl/tienda/marcadores/molotow-markers/one4all/127hs-2mm-200230-basic-set-1-6-unid/
57693,simple,False,Angelus|Cordones|Herretes,Herrete &#8211; Bullet Metal Aglets &#8211; Silver,https://www.boykot.cl/tienda/pintura/angelus/cordones/cordones-herrete-bullet-metal-aglets-silver-boykot-graffiti/
57637,simple,False,ONE4ALL|Sets Molotow,227HS 4mm-200166 Neon Set &#8211; 6 Unid.,https://www.boykot.cl/tienda/marcadores/molotow-markers/one4all/227hs-4mm-200166-neon-set-6-unid/
57603,simple,False,Liquid Chrome|Marcadores,Liquid Chrome-2 mm,https://www.boykot.cl/tienda/marcadores/molotow-markers/liquid-chrome/liquid-chrome-2-mm/
57561,simple,False,Cordones|Herretes,Herrete &#8211; Cylinder Metal Plated Aglets &#8211; Gold,https://www.boykot.cl/tienda/pintura/angelus/cordones/cordones-herrete-cylinder-metal-plated-aglets-gold/
57536,simple,False,Liquid Chrome|Marcadores,Liquid Chrome-5 Mm 703104,https://www.boykot.cl/tienda/marcadores/molotow-markers/liquid-chrome/liquid-chrome-5-mm-703104/
57472,simple,False,Liquid Chrome|Marcadores,Liquid Chrome-4 mm,https://www.boykot.cl/tienda/marcadores/molotow-markers/liquid-chrome/liquid-chrome-4-mm/
57457,simple,False,Cordones|Herretes,Herrete &#8211; Cylinder Metal Plated Aglets &#8211; Silver,https://www.boykot.cl/tienda/pintura/angelus/cordones/cordones-herrete-cylinder-metal-plated-aglets-silver/
57455,simple,False,Angelus|Cordones|Herretes,Herrete &#8211; Bullet Metal Aglets &#8211; Gold,https://www.boykot.cl/tienda/pintura/angelus/cordones/cordones-herrete-bullet-metal-aglets-gold-boykot-graffiti-y/
57435,simple,False,Cordones|Herretes,Herrete &#8211; Yeezy Style Plated Metal Aglets &#8211; Gunmetal,https://www.boykot.cl/tienda/pintura/angelus/cordones/cordones-herrete-yeezy-style-plated-metal-aglets-gunmetal-plateado-oscuro/
52457,simple,False,Sets,Sketch set de 12 Colores Ex 6,https://www.boykot.cl/tienda/marcadores/copic-markers/sets/sketch-set-de-12-colores-ex-6/
52455,simple,False,Pinceles,Pincel Princeton Lauren 1 Round 4350R,https://www.boykot.cl/tienda/materiales/pinceles/pincel-princeton-lauren-1-round-4350r/
52271,simple,False,Pinturas en aerosol|Spray|Urban Fine Art,Molotow UFA Filler White,https://www.boykot.cl/tienda/pintura/sprays/urban-fine-art/molotow-ufa-filler-white/
52022,simple,False,Accesorios,Kraft Tape,https://www.boykot.cl/tienda/materiales/accesorios-materiales/no2270/
51487,simple,False,Accesorios,vFAN Spray System Kit completo,https://www.boykot.cl/tienda/materiales/accesorios-materiales/vfan-spray-system-kit-completo-2/
46725,simple,False,Marcadores|Posca,"Uni POSCA 1 MR Set 8 colores &#8211; Pin Type 0,7 mm",https://www.boykot.cl/tienda/marcadores/posca/uni-posca-1-mr-set-8-colores-pin-type-07-mm/
44442,simple,False,NINGUNA,Maletín (CAJA VACÍA),https://www.boykot.cl/tienda/uncategorized/maletin/
44223,simple,False,Kuretake|Marcadores,Posterman Biggie 30,https://www.boykot.cl/tienda/marcadores/posterman-biggie-30/
44208,simple,False,Kuretake|Marcadores,ZIG Calligraphy II 6 Set,https://www.boykot.cl/tienda/marcadores/zig-calligraphy-ii-set/
44183,simple,False,Brushpen|Kuretake|Tiralíneas Brushpen,Fude Pen No.61 Silver,https://www.boykot.cl/tienda/lapices/brushpen-pens/fude-pen-6/
44180,simple,False,Brushpen|Kuretake|Tiralíneas Brushpen,Fude Pen No.60 Gold,https://www.boykot.cl/tienda/lapices/brushpen-pens/fude-pen-5/
44177,simple,False,Brushpen|Kuretake|Tiralíneas Brushpen,Fude Pen No.24,https://www.boykot.cl/tienda/lapices/brushpen-pens/fude-pen-4/
44174,simple,False,Brushpen|Kuretake,Takujo,https://www.boykot.cl/tienda/marcadores/brushpen/takujo/
44171,simple,False,Brushpen|Kuretake|Tiralíneas Brushpen,"Fude Pen No.30, Black (doble punta)",https://www.boykot.cl/tienda/lapices/brushpen-pens/fude-pen-3/
44168,simple,False,Brushpen|Tiralíneas Brushpen,Fude Pen,https://www.boykot.cl/tienda/lapices/brushpen-pens/fude-pen-2/
44165,simple,False,Brushpen|Kuretake|Tiralíneas Brushpen,Fude Pen No.33,https://www.boykot.cl/tienda/lapices/brushpen-pens/fude-pen/
44162,simple,False,Brushpen|Kuretake|Tiralíneas Brushpen,Bimoji Fude Pen Medium Black XT3-10S,https://www.boykot.cl/tienda/lapices/brushpen-pens/bimoji-fude-pen-5/
44157,simple,False,Brushpen|Kuretake|Tiralíneas Brushpen,Bimoji Fude Pen Brush Black XT5-10S,https://www.boykot.cl/tienda/lapices/brushpen-pens/bimoji-fude-pen-4/
44147,simple,False,Brushpen|Kuretake|Tiralíneas Brushpen,Bimoji Fude Pen Fine Black XT2-10S,https://www.boykot.cl/tienda/lapices/brushpen-pens/bimoji-fude-pen-2/
44142,simple,False,Brushpen|Kuretake|Tiralíneas Brushpen,Bimoji Fude Pen Extra Fine Black XT110S,https://www.boykot.cl/tienda/lapices/brushpen-pens/bimoji-fude-pen/
44137,simple,False,Brushpen|Kuretake|Tiralíneas Brushpen,Fudegokochi,https://www.boykot.cl/tienda/lapices/brushpen-pens/fudegokochi-2/
44134,simple,False,Brushpen|Kuretake|Tiralíneas Brushpen,Fudegokochi,https://www.boykot.cl/tienda/lapices/brushpen-pens/fudegokochi/
42199,simple,False,Limpiadores|Pintura,Easy Cleaner Kit Limpiador Angelus,https://www.boykot.cl/tienda/pintura/easy-cleaner-kit-limpiador-angelus/
41781,simple,False,Angelus|GAC,Medium Golden GAC 100 Acrylic primer and extender 8 onzas,https://www.boykot.cl/tienda/materiales/accesorios-materiales/gac/medium-golden-gac-100-acrylic-primer-and-extender-8-onzas/
38804,simple,False,ICscreen|Materiales|Tinta|Tintas,IC Tinta Premium,https://www.boykot.cl/tienda/materiales/icscreen/ic-tinta-premium/
34531,simple,False,Gomas y sacapuntas|Lápices|Prismacolor,Goma Moldeable Prismacolor,https://www.boykot.cl/tienda/lapices/prismacolor/goma-moldeable-prismacolor/
31553,simple,False,Pinceles,Pincel Princeton Lauren 4 Round 4350R,https://www.boykot.cl/tienda/materiales/pinceles/pincel-princeton-lauren-4-round-4350r/
31598,simple,False,NINGUNA,Liquid Shoe Art Easel Easel,https://www.boykot.cl/tienda/uncategorized/shoe-art-easel-easel/
31255,simple,False,NINGUNA,Paleta de Acuarela Speedball Grande,https://www.boykot.cl/tienda/uncategorized/paleta-de-acuarela-speedball-grande/
31025,simple,False,Lapices de colores|Prismacolor,Lápices De Colores Prismacolor Set 132,https://www.boykot.cl/tienda/lapices/lapices-de-colores/lapices-de-colores-prismacolor-set-132/
31021,simple,False,Lapices de colores|Prismacolor,Lápices De Colores Prismacolor Set 72,https://www.boykot.cl/tienda/lapices/lapices-de-colores/lapices-de-colores-prismacolor-set-72/
29962,simple,False,Pinceles,Pincel Redondo #0 Series 350S PARA RESABLE 203583,https://www.boykot.cl/tienda/materiales/pinceles/pincel-redondo-0-series-350s-para-resable-203583/
29961,simple,False,Accesorios Holbein|Pinceles,Pincel Redondo #000 Series 350S  PARA RESABLE 203581,https://www.boykot.cl/tienda/pintura/holbein/accesorios-holbein/pincel-redondo-000-series-350s-para-resable-203581/
29955,simple,False,Accesorios Holbein|Pinceles,Pincel Redondo #000 Serie 710 Kolinsky 100% Natural 200941,https://www.boykot.cl/tienda/pintura/holbein/accesorios-holbein/pincel-redondo-000-serie-710-kolinsky-100-natural-200941/
29949,simple,False,Acryla Gouache Holbein|Sets Holbein,Acryla Gouache 102 un. D434,https://www.boykot.cl/tienda/pintura/holbein/sets-holbein/acryla-gouache-set-102-colors-caja-gris-full-d434/
29947,simple,False,Acryla Gouache Holbein|Pintura|Sets Holbein,Acryla Gouache 16 un. D984 School set,https://www.boykot.cl/tienda/pintura/holbein/sets-holbein/acryla-gouache-set-16-colors-school-caja-plastica-d984/
29559,simple,False,Lápices|Portaminas y minas,Portaminas IC Comic Draft Blue 2.0 mm,https://www.boykot.cl/tienda/lapices/portaminas-y-minas/portaminas-ic-comic-draft-blue-2-0-mm/
29504,simple,False,Accesorios,Guantes Protective Glove XL,https://www.boykot.cl/tienda/materiales/accesorios-materiales/guantes-protective-glove-xl/
29498,simple,False,Accesorios,Guantes Protective Glove L,https://www.boykot.cl/tienda/materiales/accesorios-materiales/guantes-protective-glove-l/
29386,simple,False,Lápices,ROLLER Lx 357 Ru (Ruthenium) 4031637,https://www.boykot.cl/tienda/lapices/roller-lx-357-ru-ruthenium-4031637/
29382,simple,False,Lápices|Portaminas y minas,"PORTAMINAS SAFARI 118 yellow 0,5",https://www.boykot.cl/tienda/lapices/portaminas-y-minas/portaminas-safari-118-yellow-05/
29380,simple,False,Boligrafo|Lápices,ROLLER SAFARI 319 white 4001121,https://www.boykot.cl/tienda/lapices/boligrafo/roller-safari-319-white-4001121/
29375,simple,False,Boligrafo|Lápices,ROLLER SAFARI 313 pink 4029824,https://www.boykot.cl/tienda/lapices/boligrafo/roller-safari-313-pink-4029824/
29373,simple,False,Lápices,ROLLER BALLOON 311 lime 4029789,https://www.boykot.cl/tienda/lapices/roller-balloon-311-lime-4029789/
29371,simple,False,Lápices,ROLLER AL-STAR 328 ocean blue,https://www.boykot.cl/tienda/lapices/roller-al-star-328-ocean-blue/
29369,simple,False,Lápices,PLUMA SAFARI 019 white M 4000229,https://www.boykot.cl/tienda/lapices/pluma-safari-019-white-m-4000229/
29365,simple,False,Lápices,PLUMA SAFARI 013 green M 4030634,https://www.boykot.cl/tienda/lapices/pluma-safari-013-green-m-4030634/
29358,simple,False,Boligrafo|Lápices,ROLLER BALLOON 311 orange 4029788,https://www.boykot.cl/tienda/lapices/boligrafo/roller-balloon-311-orange-4029788/
29356,simple,False,Boligrafo|Lápices,ROLLER AL-STAR 332 b. green 4026064,https://www.boykot.cl/tienda/lapices/boligrafo/roller-al-star-332-b-green-4026064/
29351,simple,False,Boligrafo|Lápices,ROLLER AL-STAR 326 graphite 4001133,https://www.boykot.cl/tienda/lapices/boligrafo/roller-al-star-326-graphite-4001133/
29337,simple,False,Boligrafo|Lápices,BOLIGRAFO SAFARI 218 yellow (retractil) 4000896,https://www.boykot.cl/tienda/lapices/boligrafo/boligrafo-safari-218-yellow-retractil-4000896/
29330,simple,False,Boligrafo|Lápices,BOLIGRAFO SAFARI 213 green (retractil) 4025549,https://www.boykot.cl/tienda/lapices/boligrafo/boligrafo-safari-213-green-retractil-4025549/
29328,simple,False,Boligrafo|Lápices,BOLIGRAFO LOGO 204 M blue 4030225,https://www.boykot.cl/tienda/lapices/boligrafo/boligrafo-logo-204-m-blue-4030225/
29326,simple,False,Boligrafo|Lápices,BOLIGRAFO LOGO 204 M + red 4030227,https://www.boykot.cl/tienda/lapices/boligrafo/boligrafo-logo-204-m-red-4030227/
29319,simple,False,Accesorios|Lápices,PLUMA SAFARI 012 vista M (transparente) 4000088,https://www.boykot.cl/tienda/materiales/accesorios-materiales/pluma-safari-012-vista-m-transparente-4000088/
29316,simple,False,Lápices,PLUMA AL-STAR 071 black M 4000528,https://www.boykot.cl/tienda/lapices/pluma-al-star-071-black-m-4000528/
29312,simple,False,Boligrafo|Lápices,BOLIGRAFO LOGO 204 M + black bl 4030223,https://www.boykot.cl/tienda/lapices/boligrafo/boligrafo-logo-204-m-black-bl-4030223/
29310,simple,False,Aqua Ink|Marcadores|ONE4ALL|Sets Molotow,Aqua Color Brush 200492 Basic-Set 2 (12 uni/set),https://www.boykot.cl/tienda/marcadores/molotow-markers/one4all/aqua-color-brush-200492-basic-set-2-12-uni-set/
29299,simple,False,Lápices|Plumillas para manga|Plumillas y mangos,Plumilla School 3 un. Tachikawa,https://www.boykot.cl/tienda/lapices/plumillas-mangos/bolsa-plumilla-tachikawa-school/
29184,simple,False,Accesorios,IC Progear Screen Tool (Mango Para Transferir),https://www.boykot.cl/tienda/materiales/accesorios-materiales/ic-progear-screen-tool-mango-para-transferir/
29173,simple,False,Accesorios,IC Progear Cutter (Cartonero) Con 10 Hojas De Repuesto,https://www.boykot.cl/tienda/materiales/accesorios-materiales/ic-progear-cutter-cartonero-con-10-hojas-de-repuesto/
29168,simple,False,Accesorios|Tiralineas,IC Pack Plumon Dual Core Doble Punta Bs-Bm,https://www.boykot.cl/tienda/lapices/tiralineas/ic-pack-plumon-dual-core-doble-punta-bs-bm/
29164,simple,False,Accesorios|Tiralineas,IC Plumón Dual Core Black Doble Punta Bm (Grueso),https://www.boykot.cl/tienda/lapices/tiralineas/ic-plumon-dual-core-black-doble-punta-bm-grueso/
29162,simple,False,Accesorios|Tiralineas,IC Plumón Dual Core Black Doble Punta Bs (Fino),https://www.boykot.cl/tienda/lapices/tiralineas/ic-plumon-dual-core-black-doble-punta-bs-fino/
29069,simple,False,Herramientas de corte,IC Cuchillo De Repuesto Para Hatsuri (Pack Con 5),https://www.boykot.cl/tienda/materiales/herramientas-de-corte/ic-cuchillo-de-repuesto-para-hatsuri-pack-con-5/
29067,simple,False,Accesorios,IC Hatsuri Cartonero Con 4 Hojas,https://www.boykot.cl/tienda/materiales/accesorios-materiales/proghatsu/
29063,simple,False,Boligrafo|Lápices,Repuesto Roller negro M63M,https://www.boykot.cl/tienda/lapices/boligrafo/repuesto-roller-negro-m63m/
29059,simple,False,Lápices,Repuesto Roller azul M63M,https://www.boykot.cl/tienda/lapices/repuesto-roller-azul-m63m/
28531,simple,False,Lápices Holbein,Lápiz Blender Meltz Pen (lapiz blanco),https://www.boykot.cl/tienda/pintura/holbein/lapices-holbein/lapiz-blender-meltz-pen-lapiz-blanco/
28912,simple,False,Lápices|Mangos para plumillas|Plumillas y mangos,Mango T-25 Amarillo,https://www.boykot.cl/tienda/lapices/plumillas-mangos/mango-t-25-amarillo/
28903,simple,False,Lápices|Mangos para plumillas|Plumillas y mangos,Mango T-25 Metallic Red,https://www.boykot.cl/tienda/lapices/plumillas-mangos/mango-t-25-metallic-red/
28901,simple,False,Lápices|Mangos para plumillas|Plumillas y mangos,Mango T-40 (madera/celeste),https://www.boykot.cl/tienda/lapices/plumillas-mangos/mango-t-40-madera-celeste/
28622,simple,False,Pinceles,Pincel Princeton Snap! 4 Bright 9800B-4,https://www.boykot.cl/tienda/materiales/pinceles/pincel-princeton-snap-4-bright-9800b-4/
28621,simple,False,Pinceles,Pincel Princeton Snap! 0 Round 9700R-0,https://www.boykot.cl/tienda/materiales/pinceles/pincel-princeton-snap-0-round-9700r-0/
28620,simple,False,Pinceles,Pincel Princeton Snap! 4 Filbert 9800FB-4,https://www.boykot.cl/tienda/materiales/pinceles/pincel-princeton-snap-4-filbert-9800fb-4/
28619,simple,False,Pinceles,Pincel Princeton Snap! 2 Round 9800R-2,https://www.boykot.cl/tienda/materiales/pinceles/pincel-princeton-snap-2-round-9800r-2/
28618,simple,False,Pinceles,Pincel Princeton Snap! 4 Bright 9700B-4,https://www.boykot.cl/tienda/materiales/pinceles/pincel-princeton-snap-4-bright-9700b-4/
28616,simple,False,Pinceles,Pincel Princeton Snap! 2 9700B-2,https://www.boykot.cl/tienda/materiales/pinceles/pincel-princeton-snap-2-9700b-2/
28611,simple,False,Pinceles,Pincel Princeton Snap! 4 Bright Shader 9850BS-4,https://www.boykot.cl/tienda/materiales/pinceles/pincel-princeton-snap-4-bright-shader-9850bs-4/
28608,simple,False,Pinceles,Pincel Princeton Snap! 3/0 Round 9650R-3/0,https://www.boykot.cl/tienda/materiales/pinceles/pincel-princeton-snap-3-0-round-9650r-3-0/
28604,simple,False,Pinceles,Pincel Princeton Lauren 3/0 Round 4350R,https://www.boykot.cl/tienda/materiales/pinceles/pincel-princeton-lauren-3-0-round-4350r/
28603,simple,False,Pinceles,Pincel Princeton Lauren 5/0 Round 4350R,https://www.boykot.cl/tienda/materiales/pinceles/pincel-princeton-lauren-5-0-round-4350r/
28602,simple,False,Pinceles,Pincel Princeton Lauren 0 Round 4350R 0,https://www.boykot.cl/tienda/materiales/pinceles/pincel-princeton-lauren-0-round-4350r0/
24039,simple,False,Angelus|Limpiadores|Pintura,Limpiador Angelus Instant Clean Con Tapa Fregadora (verde),https://www.boykot.cl/tienda/pintura/angelus/limpiador-angelus-instant-clean-con-tapa-fregadora-verde-b/
24037,simple,False,Angelus|Limpiadores|Pintura,Limpiador Angelus Easy Blue Gel Cleaner (gel Azul Con Aplicador),https://www.boykot.cl/tienda/pintura/angelus/limpiador-angelus-easy-blue-gel-cleaner-gel-azul-con-aplica/
24018,simple,False,Pintura|Sellantes y aditivos,Acrylic Finisher Satin 4 onzas,https://www.boykot.cl/tienda/pintura/angelus/sellante-angelus/acabado-acrilico-angelus-satin-2/
24015,simple,False,Pintura|Sellantes y aditivos,Acrylic Finisher Matte 4 onzas,https://www.boykot.cl/tienda/pintura/angelus/sellante-angelus/acabado-acrilico-angelus-acrylic-finisher-matte-2/
23915,simple,False,Pinceles,Pinceles Real Value Set 6 pinceles dorados,https://www.boykot.cl/tienda/materiales/pinceles/pinceles-real-value-set-6-pinceles-dorados-azul-con-pincel-angulado-9133/
23913,simple,False,Lápices|Portaminas y minas|Prismacolor,Portaminas 2.0 Turquoise 02022,https://www.boykot.cl/tienda/lapices/prismacolor/prismacolor-turquoise-2-mm-02022/
23912,simple,False,Goma moldeable|Gomas|Gomas y sacapuntas|Lápices|Prismacolor,Prismacolor Kneaded Rubber goma,https://www.boykot.cl/tienda/lapices/prismacolor/prismacolor-kneaded-rubber/
23910,simple,False,Lápices|Lapices de colores|Prismacolor,Prismacolor 24 Verithin,https://www.boykot.cl/tienda/lapices/lapices-de-colores/prismacolor-24-verithin/
23905,simple,False,Plumillas para manga|Plumillas y mangos,Set Plumillas Speedball Delinear,https://www.boykot.cl/tienda/lapices/plumillas-mangos/set-plumillas-speedball-delinear/
23586,simple,False,Kirarina|Marcadores,Kirarina Wink Precious,https://www.boykot.cl/tienda/marcadores/kirarina/copic-kirarina-wink-4-pcs-set-precious/
23582,simple,False,Burner,Molotow Burner Copper 940500 600ml,https://www.boykot.cl/tienda/pintura/sprays/burner/molotow-burner-copper-940500-600ml/
23567,simple,False,Accesorios|Pintura|Sellantes y aditivos|Sellantes y aditivos,Protector Water &amp; Stain Repellent 4 onzas,https://www.boykot.cl/tienda/pintura/angelus/accesorios/angelus-protector-water-stain-repellent-spray-negro-chico-4-onzas/
23563,simple,False,Empty|Empty|ONE4ALL,Molotow Refill 30ml vacío 693100,https://www.boykot.cl/tienda/marcadores/molotow-markers/one4all/molotow-refill-one4all-30ml-693100-botella-vacia/
19496,simple,False,Angelus,Petronios Cement,https://www.boykot.cl/tienda/pintura/angelus/petronios-cement/
17010,simple,False,Barnices|Sellantes|Spray|Sprays|Urban Fine Art,Ufa Transparent 337319 2k Clear Varnish Gloss,https://www.boykot.cl/tienda/pintura/sprays/urban-fine-art/ufa-transparent-337319-2k-clear-varnish-gloss/
16527,simple,False,Brushpen|Marcadores,Edding 4200 Porcelain Brushpen Set 6x Secundarios 999,https://www.boykot.cl/tienda/marcadores/brushpen/edding-4200-porcelain-brushpen-set-6x-secundarios-999/
16524,simple,False,Brushpen,Edding 4200 Porcelain Brushpen Set 6x Primarios 000,https://www.boykot.cl/tienda/marcadores/brushpen/edding-4200-porcelain-brushpen-set-6x-primarios-000/
16149,simple,False,Bolsos,ESTUCHE PORTABLE BAG 60,https://www.boykot.cl/tienda/materiales/bolsos/estuche-portable-bag-60/
16139,simple,False,Bolsos,ESTUCHE PORTABLE BAG 24,https://www.boykot.cl/tienda/materiales/bolsos/estuche-portable-bag-24/
14704,simple,False,Aqua Color Brush|BlackLiner|Tiralíneas Brushpen,Blackliner Tiralineas Brush,https://www.boykot.cl/tienda/lapices/brushpen-pens/blackliner-tralineas-brush/
13325,simple,False,Empty,EM 223 EMPTY 2mm Chisel (bisel),https://www.boykot.cl/tienda/marcadores/empty/223em-empty-pump-softliner-2-mm/
13321,simple,False,Empty,EM-222 EM 1mm Brush,https://www.boykot.cl/tienda/marcadores/empty/222-em-1mm-brush/
13305,simple,False,Empty|Marcadores,Aqua Squeeze Pen-2 mm Soft Brush,https://www.boykot.cl/tienda/marcadores/empty/aqua-squeeze-pen-2-mm/
13298,simple,False,Empty,Aqua Squeeze Pen-1 mm Soft Brush,https://www.boykot.cl/tienda/marcadores/empty/aqua-squeeze-pen-1-mm-soft-brush/
13284,simple,False,Empty,DRIPSTICK™ VACIO ROLLERBALL DS-S 3 MM,https://www.boykot.cl/tienda/marcadores/empty/dripstick-em-3mm-30ml/
13239,simple,False,NINGUNA,Masterpiece-60mm Speedflow 767pi Boykot Graffiti Y Materiale,https://www.boykot.cl/tienda/uncategorized/masterpiece-60mm-speedflow-767pi/
13230,simple,False,Base Alcohol|Marcadores,Masterpiece-60mm Coversall 760pi Boykot Graffiti Y Materiale,https://www.boykot.cl/tienda/marcadores/base-alcohol/masterpiece-60mm-coversall-760pi/
12970,simple,False,NINGUNA,Bolso Hip Utility &#8211; Red,https://www.boykot.cl/tienda/uncategorized/613-tf-transformer-vacio-30-mm/
12968,simple,False,Empty,EM-411EM 15mm,https://www.boykot.cl/tienda/marcadores/empty/411-em-15-mm/
12967,simple,False,Empty,EM-612 EM Linterna Grande,https://www.boykot.cl/tienda/marcadores/empty/612-em-ink-tank/
12966,simple,False,Empty,EM-412 EM Linterna Chico,https://www.boykot.cl/tienda/marcadores/empty/412-em-ink-tank/
11985,simple,False,Papeles|Xpressit,"Dotted Journal-142&#215;206 mm, 100 grs. (96 hjs.)",https://www.boykot.cl/tienda/materiales/papeles/dotted-journal-142x206-mm-100-grs-96-hjs/
10534,simple,False,Empty,EM-211 EM 4mm,https://www.boykot.cl/tienda/marcadores/empty/em-211-4mm/
10341,simple,False,Acuarela|Acuarela|Acuarela Holbein|Sets Holbein,Set Holbein HWC Set de 30 Tubo (caja roja) W407,https://www.boykot.cl/tienda/pintura/holbein/sets-holbein/set-holbein-acuarela-hwc-set-de-30-tubo-caja-roja/
10316,simple,False,Gouache Holbein|Pintura|Sets Holbein,GOUACHE 12un. G711 15ml,https://www.boykot.cl/tienda/pintura/holbein/sets-holbein/set-holbein-gouche-12-colores-15ml-caja-negra/
10313,simple,False,Oleo|Óleo Holbein|Pintura|Sets Holbein,Duo Aqua Oil 12un. DU952 15ml,https://www.boykot.cl/tienda/pintura/holbein/sets-holbein/set-holbein-duo-p-aqua-oil-basic-12-colores-borde-azul/
10306,simple,False,Oleo|Óleo Holbein|Pintura|Sets Holbein,Oleo 15un. B919 Cs set,https://www.boykot.cl/tienda/pintura/holbein/sets-holbein/set-holbein-oleo-15-colores-cs-caja-gris/
10277,simple,False,Accesorios|Foil|Xpressit,Sticky Foil Tread Plate A4 (placa metálica) &#8211; unidad,https://www.boykot.cl/tienda/materiales/accesorios-materiales/sticky-foil-tread-plate-a4-placa-metalica/
10272,simple,False,Accesorios|Print|Xpressit,Premium Brayer &#8211; 4/100mm,https://www.boykot.cl/tienda/materiales/accesorios-materiales/premium-brayer-rodillo-para-impresion/
10268,simple,False,Accesorios|Pegamento|Xpressit,Glue Pen and Brush 18g-,https://www.boykot.cl/tienda/materiales/pegamento/glue-pen-and-brush-18g/
10266,simple,False,Accesorios|Materiales|Pegamento|Xpressit,TripleTac  250ml-,https://www.boykot.cl/tienda/materiales/pegamento/tripletac-250ml/
10264,simple,False,Accesorios|Xpressit,Clear Gel Glue 125ml-,https://www.boykot.cl/tienda/materiales/accesorios-materiales/clear-gel-glue-125ml/
10262,simple,False,Accesorios|Calco|Xpressit,Transfer Paper Roll Graphite,https://www.boykot.cl/tienda/materiales/accesorios-materiales/transfer-paper-roll-2/
10256,simple,False,Accesorios|Calco|Xpressit,Transfer-Paper White A4 20 hojas,https://www.boykot.cl/tienda/materiales/accesorios-materiales/transfer-paper-2/
10253,simple,False,Accesorios|Calco|Xpressit,Transfer Paper-Graphite A4 20 hojas,https://www.boykot.cl/tienda/materiales/accesorios-materiales/transfer-paper/
10214,simple,False,Accesorios|Doble contacto|Xpressit,Deco Tape Cork,https://www.boykot.cl/tienda/materiales/accesorios-materiales/glitter-deco-tape-corcho/
10212,simple,False,Accesorios|Decotape|Xpressit,Deco Tape Kraft,https://www.boykot.cl/tienda/materiales/accesorios-materiales/glitter-deco-tape-brown/
9920,simple,False,Accesorios|Doble contacto|Xpressit,Deco Tape Glitter Gold,https://www.boykot.cl/tienda/materiales/accesorios-materiales/glitter-deco-tape-gold/
9918,simple,False,Accesorios|Doble contacto|Xpressit,Deco Tape Glitter White,https://www.boykot.cl/tienda/materiales/accesorios-materiales/glitter-deco-tape-silver/
9915,simple,False,Accesorios|Decotape|Xpressit,Deco Tape Foil (10 rollos),https://www.boykot.cl/tienda/materiales/accesorios-materiales/deco-tape-foil-10-rollos/
9912,simple,False,Accesorios|Decotape|Xpressit,Deco Tape Paper (10 rollos),https://www.boykot.cl/tienda/materiales/accesorios-materiales/deco-tape-paper-10-rollos/
9910,simple,False,Accesorios|Decotape|Materiales|Xpressit,Deco Tape Glitter (10 rollos)-Brillos,https://www.boykot.cl/tienda/materiales/accesorios-materiales/deco-tape-glitter-10-rollos/
9882,simple,False,Accesorios|Doble contacto|Papeles|Xpressit,Double Sided Tape Sheets-A5 5 Hojas,https://www.boykot.cl/tienda/materiales/papeles/double-sided-tape-sheets-a5-5-hojas/
9880,simple,False,Accesorios|Doble contacto|Papeles|Xpressit,Double Sided Tape Sheets-A4 5 Hojas,https://www.boykot.cl/tienda/materiales/papeles/double-sided-tape-sheets-a4-5-hojas/
9877,simple,False,Accesorios|Doble contacto|Materiales|Papeles|Xpressit,Double Sided Tape Sheets-A3 5 Hojas,https://www.boykot.cl/tienda/materiales/papeles/double-sided-tape-sheets/
9875,simple,False,Accesorios|Doble contacto|Xpressit,Double Sided Tape Runner-8mm x 12m,https://www.boykot.cl/tienda/materiales/accesorios-materiales/double-sided-tape-runner/
9864,simple,False,Accesorios|Bolsos|Contenedor|Estuche|Xpressit,Marker Storage-(Caja Acrilica),https://www.boykot.cl/tienda/materiales/bolsos/marker-storage/
9851,simple,False,Accesorios|Bolsos|Estuche|Materiales|Xpressit,Marker Carry Case-(Bolso vacio),https://www.boykot.cl/tienda/materiales/bolsos/marker-carry-case/
9849,simple,False,Accesorios|Bolsos|Estuche|Materiales|Xpressit,Slider Pouch-,https://www.boykot.cl/tienda/materiales/bolsos/slider-pouch/
9848,simple,False,Materiales|Papeles|Xpressit,Mixed Media Squares-10x10cm 10 hojas Blanco,https://www.boykot.cl/tienda/materiales/papeles/mixed-media-squares-10x10cm-10-hojas-blanco/
9845,simple,False,Papeles|Xpressit,Letterpress Card-A5 (10 Hojas),https://www.boykot.cl/tienda/materiales/papeles/letterpress-card-a5-10-hojas/
9844,simple,False,Papeles|Xpressit,Letterpress Card-A4 (10 hojas),https://www.boykot.cl/tienda/materiales/papeles/letterpress-card-a4-10-hojas/
9841,simple,False,Papeles|Xpressit,Mixed Media Journal-15 hojas A3,https://www.boykot.cl/tienda/materiales/papeles/mixed-media-journal-15-hojas-a3/
9837,simple,False,Papeles|Xpressit,Blending Journal-20 hojas A3,https://www.boykot.cl/tienda/materiales/papeles/blending-journal-20-hojas-a3/
9836,simple,False,Papeles|Xpressit,X-press it Blending Card Pad A4 20 hojas,https://www.boykot.cl/tienda/materiales/papeles/blending-card-pad-20-hojas-a4/
9834,simple,False,Papeles|Xpressit,X-press it Blending Card Pad 20 hojas A3,https://www.boykot.cl/tienda/materiales/papeles/blending-card-pad-20-hojas-a3/
9833,simple,False,Papeles|Xpressit,X-press it Blending Card Carta (25 hojas),https://www.boykot.cl/tienda/materiales/papeles/blending-card-carta-25-hojas/
9831,simple,False,Papeles|Xpressit,X-press it Blending Card Carta (125 hojas),https://www.boykot.cl/tienda/materiales/papeles/blending-card-carta-125-hojas/
9827,simple,False,Papeles|Xpressit,X-press it Blending Card A4 (25 hojas),https://www.boykot.cl/tienda/materiales/papeles/blending-card-a4-25-hojas/
9826,simple,False,Papeles|Xpressit,X-press it Blending Card A4 (125 hojas),https://www.boykot.cl/tienda/materiales/papeles/blending-card-a4-125-hojas/
9820,simple,False,Acuarela|Ecoline,Set Ecoline Yellow,https://www.boykot.cl/tienda/marcadores/ecoline/brush-pen-set-5-colores-yellow/
9815,simple,False,Acuarela|Ecoline,Set Ecoline-5 colores Green Blue,https://www.boykot.cl/tienda/marcadores/ecoline/brush-pen-set-5-colores-green-blue/
9808,simple,False,Lapices de colores|Prismacolor,Premier Prismacolor 23 Colored Pencils Manga,https://www.boykot.cl/tienda/lapices/lapices-de-colores/premier-23-colored-pencils-manga-18-soft5-verithin/
9674,simple,False,Papeles|Xpressit,X-press it Blending Card A4 (10 hojas),https://www.boykot.cl/tienda/materiales/papeles/blending-card-a4-10-hojas/
9330,simple,False,NINGUNA,Lápiz Máscara 2 mm,https://www.boykot.cl/tienda/uncategorized/lapiz-mascara-2-mm/
9162,simple,False,Recarga|refill molotow,Masterpiece ref-691767 Refill Speedflow,https://www.boykot.cl/tienda/marcadores/molotow-markers/recarga/tinta-masterpiece-speedflow/
9159,simple,False,Recarga|refill molotow,Masterpiece ref-691760 Refill Coversall,https://www.boykot.cl/tienda/marcadores/molotow-markers/recarga/tinta-masterpiece-coversall/
8966,simple,False,Tinta|Tintas,IC Tinta Comic Super White 30 Ml.-,https://www.boykot.cl/tienda/pintura/tinta/ic-tinta-comic-super-white-30-ml/
8963,simple,False,Tinta|Tintas,IC Tinta Art White 15 Ml.-,https://www.boykot.cl/tienda/pintura/tinta/tinta-ic-art-white-15-ml/
8958,simple,False,Tinta|Tintas,IC Tinta Comic Super Black 30 Ml.-,https://www.boykot.cl/tienda/pintura/tinta/tinta-ic-comic-super-black/
8956,simple,False,Papeles|Tinta|Tintas,IC Tinta Comic Premium Black Type 3,https://www.boykot.cl/tienda/materiales/papeles/tinta-ic-comic-premium-black-type-3/
8953,simple,False,Tinta|Tintas,IC Tinta Comic Premium Black Type 2,https://www.boykot.cl/tienda/pintura/tinta/tinta-ic-comic-premium-black-type-2/
8951,simple,False,Tinta|Tintas,IC Tinta Comic Premium Black Type 1,https://www.boykot.cl/tienda/pintura/tinta/ic-tintacomic-premium-black-type-1/
7921,simple,False,Caps,Valvula-Pipe Skinny (blanco-boquilla) 0.5-1 cm,https://www.boykot.cl/tienda/materiales/caps/cap-pipe-skinny-blanco-boquilla-0-5-1-cm/
7920,simple,False,Caps,Valvula-Flat Jet (rojo-negro) 1-6 cm,https://www.boykot.cl/tienda/materiales/caps/cap-flat-jet-rojo-negro-1-6-cm/
7918,simple,False,Caps,Valvula-Fat Silver (plateado-negro) 8-11 cm,https://www.boykot.cl/tienda/materiales/caps/cap-fat-silver-plateado-negro-8-11-cm/
7917,simple,False,Caps,Valvula-Astro (traslucido-negro) 9 cm,https://www.boykot.cl/tienda/materiales/caps/cap-astro-traslucido-negro-9-cm/
7916,simple,False,Caps,Valvula-Super fat (negro-rosado) 1-12 cm,https://www.boykot.cl/tienda/materiales/caps/cap-super-fat-negro-rosado-1-12-cm/
7911,simple,False,Caps,Valvula-NY Fat Cap 1-6 cm,https://www.boykot.cl/tienda/materiales/caps/cap-n-y-fat-cap-1-6-cm/
7906,simple,False,Caps,Valvula-Skinny Belton (Gris claro- negro) 1-3 cm,https://www.boykot.cl/tienda/materiales/caps/cap-skinny-belton-gris-claro-negro-1-3-cm/
7904,simple,False,Caps,Valvula-German Skinny banana (amarillo-negro) 2 cm,https://www.boykot.cl/tienda/materiales/caps/cap-skinny-banana-amarillo-negro-2-cm/
7899,simple,False,Caps,Valvula-FLAME Super Fine (azul) 0.6-1.5 cm,https://www.boykot.cl/tienda/materiales/caps/cap-flame-super-fine-azul-0-6-1-5-cm/
7898,simple,False,Caps,Valvula-Skinny 94 (traslucido-gris) 1.7 cm,https://www.boykot.cl/tienda/materiales/caps/cap-skinny-94-traslucido-gris-1-7-cm/
7599,simple,False,Burner|Pintura|Sprays,Molotow Burner 600ml Boykot Graffiti Y Materiales De Arte- B,https://www.boykot.cl/tienda/pintura/sprays/burner/molotow-burner-600ml/
7515,simple,False,Burner|Pintura|Sprays,Burner-chrome 940422 400ml Boykot Graffiti Y Materiales De A,https://www.boykot.cl/tienda/pintura/sprays/burner/molotow-burner-chrome-940422-400ml-2/
7512,simple,False,Burner|Pintura|Sprays,Burner-Chrome 940590 500ml,https://www.boykot.cl/tienda/pintura/sprays/burner/molotow-burner-chrome-940590-500ml/
7511,simple,False,Burner|Sprays,Burner-Chrome 940443 150ml Pocket,https://www.boykot.cl/tienda/pintura/sprays/burner/molotow-burner-chrome-940443-150ml-pocket/
6850,simple,False,ONE4ALL|Sets|Sets Molotow,127HS 2mm-200152 Main Kit 1 &#8211; 18+2 Unid. (tornillo),https://www.boykot.cl/tienda/marcadores/molotow-markers/molotow-markers-sets/127hs-2mm-200152-main-kit-1-182-unid-tornillo/
6845,simple,False,Tramas,IC Illustration Screen S-301,https://www.boykot.cl/tienda/materiales/tramas/ic-illustration-screen-s-301/
6844,simple,False,Tramas,IC Illustration Screen S-303,https://www.boykot.cl/tienda/materiales/tramas/ic-illustration-screen-s-303/
6843,simple,False,Tramas,IC Illustration Screen S-311,https://www.boykot.cl/tienda/materiales/tramas/ic-illustration-screen-s-311/
6842,simple,False,Tramas,IC Illustration Screen S-313,https://www.boykot.cl/tienda/materiales/tramas/ic-illustration-screen-s-313/
6841,simple,False,Tramas,IC Illustration Screen S-321,https://www.boykot.cl/tienda/materiales/tramas/ic-illustration-screen-s-321/
6840,simple,False,Tramas,IC Illustration Screen S-331,https://www.boykot.cl/tienda/materiales/tramas/ic-illustration-screen-s-331/
6839,simple,False,Tramas,IC Illustration Screen S-332,https://www.boykot.cl/tienda/materiales/tramas/ic-illustration-screen-s-332/
6838,simple,False,Tramas,IC Illustration Screen S-333,https://www.boykot.cl/tienda/materiales/tramas/ic-illustration-screen-s-333/
6837,simple,False,Tramas,IC Illustration Screen S-361,https://www.boykot.cl/tienda/materiales/tramas/ic-illustration-screen-s-361/
6836,simple,False,Tramas,IC Illustration Screen S-383,https://www.boykot.cl/tienda/materiales/tramas/ic-illustration-screen-s-383/
6835,simple,False,Tramas,IC Illustration Screen S-536,https://www.boykot.cl/tienda/materiales/tramas/ic-illustration-screen-s-536/
6833,simple,False,Tramas,IC Illustration Screen S-6006,https://www.boykot.cl/tienda/materiales/tramas/ic-illustration-screen-s-6006/
6831,simple,False,Tramas,IC Illustration Screen S-6008,https://www.boykot.cl/tienda/materiales/tramas/ic-illustration-screen-s-6008/
6829,simple,False,Tramas,IC Illustration Screen S-801,https://www.boykot.cl/tienda/materiales/tramas/ic-illustration-screen-s-801/
6828,simple,False,Tramas,IC Illustration Screen S-808,https://www.boykot.cl/tienda/materiales/tramas/ic-illustration-screen-s-808/
6827,simple,False,Tramas,IC Illustration Screen S-849,https://www.boykot.cl/tienda/materiales/tramas/ic-illustration-screen-s-849/
6825,simple,False,Tramas,IC Illustration Screen S-856,https://www.boykot.cl/tienda/materiales/tramas/ic-illustration-screen-s-856/
6824,simple,False,Tramas,IC Illustration Screen S-863,https://www.boykot.cl/tienda/materiales/tramas/ic-illustration-screen-s-863/
6823,simple,False,Tramas,IC Illustration Screen S-871,https://www.boykot.cl/tienda/materiales/tramas/ic-illustration-screen-s-871/
6822,simple,False,Tramas,IC Screen-S-155,https://www.boykot.cl/tienda/materiales/tramas/ic-screen-s-155/
6812,simple,False,Tramas,IC Screen S-3097,https://www.boykot.cl/tienda/materiales/tramas/ic-screen-s-3097/
6804,simple,False,Tramas,IC Screen-S-605,https://www.boykot.cl/tienda/materiales/tramas/ic-screen-s-605/
6802,simple,False,Tramas,IC Screen-S-668,https://www.boykot.cl/tienda/materiales/tramas/ic-screen-s-668/
6801,simple,False,Tramas,IC Screen-S-683,https://www.boykot.cl/tienda/materiales/tramas/ic-screen-s-683/
6797,simple,False,Tramas,IC Screen-S-756,https://www.boykot.cl/tienda/materiales/tramas/ic-screen-s-756/
6794,simple,False,Tramas,IC Screen-S-924,https://www.boykot.cl/tienda/materiales/tramas/ic-screen-s-924-60l/
6791,simple,False,Tramas|Youth,IC Screen Youth Y-1233,https://www.boykot.cl/tienda/materiales/tramas/ic-screen-youth-y-1233/
6790,simple,False,ICscreen|Tramas|Youth,IC Screen Youth Y-1238,https://www.boykot.cl/tienda/materiales/tramas/ic-screen-youth-y-1238/
6782,simple,False,ICscreen|Tramas|Youth,IC Screen Youth Y-1601,https://www.boykot.cl/tienda/materiales/tramas/ic-screen-youth-y-1601/
6768,simple,False,Materiales|Pad|Papeles,Black Pad-801012 A4 Vertical 150 gr,https://www.boykot.cl/tienda/materiales/papeles/black-pad-801012-a4-vertical-150-gr/
6766,simple,False,Papeles,Blackbook-801008 A4 Apaisado 120 gr.,https://www.boykot.cl/tienda/materiales/papeles/blackbook-801008-a4-apaisado-120-gr/
6765,simple,False,Croqueras,Blackbook 801109 A4 Vertical 120 gr.,https://www.boykot.cl/tienda/materiales/croqueras/blackbook-801109-a4-vertical-120-gr/
6756,simple,False,Papeles,ONE4ALL PROFESSIONAL SKETCHBOOK DIN A5,https://www.boykot.cl/tienda/materiales/papeles/sketchbook-a5-apaisado-150-gr-96-hojas/
6755,simple,False,Papeles,Sketchbook-Apaisado 28 x 20.3 cm 110 hojas 110 gr (grafito),https://www.boykot.cl/tienda/materiales/papeles/sketchbook-apaisado-28-x-20-3-cm-110-hojas-110-gr-grafito/
6754,simple,False,Pad|Papeles,Sketchpad-801104 A4 Apaisado 40 Hjs. 150 Gr,https://www.boykot.cl/tienda/materiales/papeles/sketchpad-801104-a4-apaisado-40-hjs-150-gr/
6745,simple,False,Papeles|Resma,IC Manga Script Paper IM-10A A4 &#8211; 110Grs. 40Hjs.,https://www.boykot.cl/tienda/materiales/papeles/resma/ic-manga-script-paper-im-10a-a4-110-grs-40-hjs-morado/
6741,simple,False,Papeles|Resma,"Ic Manga Script Paper-in-10a A4, 110 Grs. 30 Hjs. (azul Con-",https://www.boykot.cl/tienda/materiales/papeles/resma/ic-manga-script-paper-in-10a-a4-110-grs-30-hjs-azul-con-logo/
6737,simple,False,Copic|Papeles|Papeles Copic|Paper Selection|Resma,"Paper Selections #4, 68 Grs. 40 Hjs. A4",https://www.boykot.cl/tienda/copic/paper-selection/paper-selections-4-68-grs-40-hjs-a4/
6507,simple,False,Nibs|Puntas,Serie 200-Punta 1.5-Round (acrylic TWIN) Plastica,https://www.boykot.cl/tienda/marcadores/nibs/serie-200-punta-1-5-round-solo-para-twin-pumpmarker/
6506,simple,False,Plumones vacios,Empty Marker Twin 2-6 mm Chisel,https://www.boykot.cl/tienda/marcadores/plumones-vacios/empty-marker-twin-2-6-mm-chisel/
6502,simple,False,Aqua Ink|Marcadores,Aqua Twin-brush-chisel Blender Pro Aqua Medium Transparent B,https://www.boykot.cl/tienda/marcadores/molotow-markers/aqua-ink/aqua-twin-brush-chisel-blender-pro-aqua-medium-transparent/
6501,simple,False,Ciao set|Copic|Copic|Copic Markers|Sets|Sets Copic,COPIC Ciao Doodle Packs: Yellow (4 Lápices),https://www.boykot.cl/tienda/marcadores/copic-markers/sets/copic-ciao-doodle-packs-yellow-4-lapices/
6500,simple,False,Ciao set|Copic|Copic|Copic Markers|Sets|Sets Copic,COPIC Ciao Doodle Packs: Turquoise (4 Lápices),https://www.boykot.cl/tienda/marcadores/copic-markers/sets/copic-ciao-doodle-packs-turquoise-4-lapices/
6499,simple,False,Ciao set|Copic|Copic|Copic Markers|Sets|Sets Copic,COPIC Ciao Doodle Packs: Red (4 Lápices),https://www.boykot.cl/tienda/marcadores/copic-markers/sets/copic-ciao-doodle-packs-red-4-lapices/
6498,simple,False,Ciao set|Copic|Sets Copic,COPIC Ciao Doodle Packs: Purple (4 Lápices),https://www.boykot.cl/tienda/copic/ciao_set/copic-ciao-doodle-packs-purple-4-lapices/
6497,simple,False,Ciao set|Copic|Copic|Sets|Sets Copic,COPIC Ciao Doodle Packs: Pink (4 Lápices),https://www.boykot.cl/tienda/marcadores/copic-markers/sets/copic-ciao-doodle-packs-pink-4-lapices/
6496,simple,False,Ciao set|Copic|Copic|Copic Markers|Sets|Sets Copic,COPIC Ciao Doodle Packs: Green (4 Lápices),https://www.boykot.cl/tienda/marcadores/copic-markers/sets/copic-ciao-doodle-packs-green-4-lapices/
6495,simple,False,Ciao set|Copic|Copic|Copic Markers|Sets|Sets Copic,COPIC Ciao Doodle Packs: Brown (4 Lápices),https://www.boykot.cl/tienda/marcadores/copic-markers/sets/copic-ciao-doodle-packs-brown-4-lapices/
6494,simple,False,Ciao set|Copic|Copic|Copic Markers|Sets|Sets Copic,COPIC Ciao Doodle Packs: Blue (4 Lápices),https://www.boykot.cl/tienda/marcadores/copic-markers/sets/copic-ciao-doodle-packs-blue-4-lapices/
6273,simple,False,Pintura,Set pintura acrilica-High Flow Transparent 10 unid. 1 onza,https://www.boykot.cl/tienda/pintura/set-pintura-acrilica-high-flow-transparent-10-unid-1-onza/
6272,simple,False,Pintura,Set pintura acrilica High Flow Drawing 10 unid. 1 onza,https://www.boykot.cl/tienda/pintura/set-pintura-acrilica-high-flow-drawing-10-unid-1-onza/
6271,simple,False,Pintura,Set pintura acrilica High Flow 10 unid. 1 onza,https://www.boykot.cl/tienda/pintura/set-pintura-acrilica-high-flow-10-unid-1-onza/
6270,simple,False,Plumones vacios|Sets Molotow,Serie 600-Refill Extension 611EM Set,https://www.boykot.cl/tienda/marcadores/plumones-vacios/serie-600-refill-extension-611em-set/
6269,simple,False,Plumones vacios|Sets,Serie 400-Refill Extension 411EM Set,https://www.boykot.cl/tienda/marcadores/molotow-markers/molotow-markers-sets/serie-400-refill-extension-411em-set/
6268,simple,False,Plumones vacios|Sets,Serie 200-Refill Extension 211EM Set,https://www.boykot.cl/tienda/marcadores/molotow-markers/molotow-markers-sets/serie-200-refill-extension-211em-set/
6267,simple,False,Plumones vacios|Sets Molotow,Serie 100-Refill Extension 111EM Set,https://www.boykot.cl/tienda/marcadores/plumones-vacios/serie-100-refill-extension-111em-set/
6265,simple,False,Pinceles|Sets,Real Value-Set 5 pinceles (azul) 9136,https://www.boykot.cl/tienda/materiales/pinceles/real-value-set-5-pinceles-azul/
6264,simple,False,Pinceles,Real Value-Set 4 pinceles (verde)9117,https://www.boykot.cl/tienda/materiales/pinceles/real-value-set-4-pinceles-verde/
6263,simple,False,Pinceles|Sets,Real Value-Set 4 pinceles (rojo) 9125,https://www.boykot.cl/tienda/materiales/pinceles/real-value-set-4-pinceles-rojo/
6260,simple,False,Plumillas para manga|Plumillas y mangos,Plumilla Zebra Maru Pen Set 2 Unidades,https://www.boykot.cl/tienda/lapices/plumillas-mangos/plumilla-zebra-maru-pen-set-2-unidades/
6259,simple,False,Plumillas para manga|Plumillas y mangos,Plumilla Zebra G Pen Set 3 Unidades,https://www.boykot.cl/tienda/lapices/plumillas-mangos/plumilla-zebra-g-pen-pen-set-3-unidades/
6257,simple,False,stickers,Egg Shell Set &#8211;,https://www.boykot.cl/tienda/materiales/stickers/egg-shell-set/
6240,simple,False,BlackLiner|Lápices|Sets|Tiralineas,Blackliner-200487 Tiralineas Set 2 (4 un.),https://www.boykot.cl/tienda/lapices/tiralineas/blackliner-200487-tiralineas-set-2-4-un/
6238,simple,False,BlackLiner|Lápices|Sets|Tiralineas,Blackliner-200485 Tiralineas Basic Complete Set (11 un.),https://www.boykot.cl/tienda/lapices/tiralineas/blackliner-200485-tiralineas-basic-complete-set-11-un/
6237,simple,False,Marcadores|Sets|Sets Molotow,Aqua Twin-brush-chisel Set Grey &#8211; 12 Unid. (tornillo),https://www.boykot.cl/tienda/marcadores/molotow-markers/molotow-markers-sets/aqua-twin-brush-chisel-set-grey-12-unid-tornillo/
6236,simple,False,Aqua Ink|Marcadores|Sets,Aqua Twin &#8211; 12 Uni. (tornillo) 729311,https://www.boykot.cl/tienda/marcadores/molotow-markers/molotow-markers-sets/aqua-twin-brush-chisel-set-color-12-unid-tornillo/
6235,simple,False,Aqua Ink|Marcadores|Sets,Aqua Twin Grey Set 2 &#8211; 6 Unid. 729304,https://www.boykot.cl/tienda/marcadores/molotow-markers/molotow-markers-sets/aqua-twin-brush-chisel-grey-set-2-6-unid/
6234,simple,False,Aqua Ink|Marcadores|Sets,Aqua Twin Grey Set 1 &#8211; 6 Unid. 729303,https://www.boykot.cl/tienda/marcadores/molotow-markers/molotow-markers-sets/aqua-twin-brush-chisel-grey-set-1-6-unid/
6233,simple,False,Marcadores|Sets,Aqua Twin Basic Set 2 &#8211; 6 Unid. 729302,https://www.boykot.cl/tienda/marcadores/molotow-markers/molotow-markers-sets/aqua-twin-brush-chisel-basic-set-2-6-unid/
6232,simple,False,Aqua Ink|Marcadores|Sets,Aqua Twin Basic Set 1 &#8211; 6 Unid. 729301,https://www.boykot.cl/tienda/marcadores/molotow-markers/molotow-markers-sets/aqua-twin-brush-chisel-basic-set-1-6-unid/
6231,simple,False,Marcadores|Sets,AQUA SQUEEZE PEN BASIC-SET 2,https://www.boykot.cl/tienda/marcadores/molotow-markers/molotow-markers-sets/aqua-squeeze-pen-basic-set-2/
5797,simple,False,Sets Copic,Sketch Set de 3: Blending Trio 6,https://www.boykot.cl/tienda/marcadores/sets-copic/copic-sketch-3-pc-set-blending-trio-6/
5795,simple,False,Sets Copic,Sketch Set de 3: Blending Trio 4,https://www.boykot.cl/tienda/marcadores/sets-copic/copic-sketch-3-pc-set-blending-trio-4/
5793,simple,False,Sets Copic,Sketch Set de 3: Blending Trio 2,https://www.boykot.cl/tienda/marcadores/sets-copic/copic-sketch-3-pc-set-blending-trio-2/
2763,simple,False,Papeles,Croquera Kirarina Memo Pad. Check B,https://www.boykot.cl/tienda/materiales/papeles/croquera-kirarina-memo-pad-check-b/
2762,simple,False,Papeles,Croquera Kirarina Memo Pad. Check A,https://www.boykot.cl/tienda/materiales/papeles/croquera-kirarina-memo-pad-check-a/
2760,simple,False,Kirarina|Marcadores,Kirarina Cute set &#8211; Cool 4un,https://www.boykot.cl/tienda/marcadores/kirarina/kirarina-set-4-pcs-set-cool/
2737,simple,False,Kirarina|Marcadores,Kirarina 2 win oil 8 color set,https://www.boykot.cl/tienda/marcadores/kirarina/marcador-kirarina-2-win-oil-8-color-set/
2736,simple,False,Kirarina|Marcadores,Kirarina 2 win oil 5 set color pastel,https://www.boykot.cl/tienda/marcadores/kirarina/marcador-kirarina-2-win-oil-5-un-pastel/
2713,simple,False,Kirarina|Marcadores,Kirarina wink candy,https://www.boykot.cl/tienda/marcadores/kirarina/set-marcador-kiarina-wink-candy/
2691,simple,False,Kirarina|Marcadores,Kirarina-2 Win Scented Set (18 unid.),https://www.boykot.cl/tienda/marcadores/kirarina/set-copic-kirarina-2-win-scented-18-color-set/
2690,simple,False,Kirarina|Marcadores,Kirarina 2 win scented 8 color set,https://www.boykot.cl/tienda/marcadores/kirarina/set-copic-kirarina-2-win-scented-8-color-set/
2689,simple,False,Kirarina|Marcadores,Kirarina,https://www.boykot.cl/tienda/marcadores/kirarina/set-copic-kirarina-2-win-scented-4-colors-study/
2688,simple,False,Kirarina|Marcadores,Kirarina-2 Win Scented Set Aqua (4 unid.),https://www.boykot.cl/tienda/marcadores/kirarina/set-copic-kirarina-2-win-scented-4-colors-aqua/
2687,simple,False,Kirarina|Marcadores,Kirarina-2 Win Scented Set Flower (4 unid.),https://www.boykot.cl/tienda/marcadores/kirarina/set-copic-kirarina-2-win-scented-4-colors-flower/
2630,simple,False,Empty|Marcadores,Various-Empty Various,https://www.boykot.cl/tienda/marcadores/empty/tinta-copic-various-color-empty-various/
2576,simple,False,Copic,Revista-Copic Maniacs 1 English,https://www.boykot.cl/tienda/copic/revista-copic-maniacs-1-english/
2570,simple,False,Bolsos|Copic|Estuche|Estuche Copic,Copic Mini Wallet 12 S-,https://www.boykot.cl/tienda/materiales/bolsos/estuche-copic-mini-wallet-12-s/
2567,simple,False,Copic|Copic Shikishi|Papeles|Shikishi,Copic  Shikishi Illustration board 242&#215;273 mm,https://www.boykot.cl/tienda/copic/copic-shikishi/copic-autograph-board-242x273-mm-autografo-grande/
2565,simple,False,Copic|Copic Shikishi|Papeles|Shikishi,Shikishi Copic Illustration Board 120&#215;136 mm,https://www.boykot.cl/tienda/copic/copic-shikishi/copic-autograph-board-120x136-mm-autografo-chico/
2562,simple,False,Copic|Papeles|Papeles Copic|Paper Selection|Resma,Paper Selections Basic Paper A3 66 gr (amarillo),https://www.boykot.cl/tienda/copic/paper-selection/resma-copic-paper-selections-basic-paper-a3-66-gr-amarillo/
2550,simple,False,Copic|Papeles,Papel-0610-1PW A4  65 Gr,https://www.boykot.cl/tienda/materiales/papeles/resma-copic-papel-0610-1pw-a4-65-gr/
2548,simple,False,Copic|Papeles,Papel-0609-1NW A4 130 Gr,https://www.boykot.cl/tienda/materiales/papeles/resma-copic-papel-0609-1nw-a4-130-gr/
2547,simple,False,Copic|Papeles,"TMP Manga Manuscript-Paper,135gs B4",https://www.boykot.cl/tienda/materiales/papeles/resma-copic-tmp-manga-manuscript-paper135gs-b4/
2546,simple,False,Copic|Papeles,"TMP Manga Manuscript-Paper,135gs A4",https://www.boykot.cl/tienda/materiales/papeles/resma-copic-tmp-manga-manuscript-paper135gs-a4/
2539,simple,False,Copic|Papeles,Papel Copic-Marker Pads A4 Italiano 70Gr,https://www.boykot.cl/tienda/materiales/papeles/resma-copic-papel-copic-marker-pads-a4-italiano-70gr/
2538,simple,False,Accesorios|Copic|Copic|Copic Markers,Aguja-Booster Un.,https://www.boykot.cl/tienda/marcadores/copic-markers/pack-copic-aguja-booster/
2532,simple,False,Airbrush|Copic|Sets Copic,Aerógrafo Starting Set,https://www.boykot.cl/tienda/marcadores/sets-copic/set-copic-aerografo-starting-set-abs-1n/
2531,simple,False,Aerógrafos|Airbrush|Copic,Aircan 180 (Lata De Aire),https://www.boykot.cl/tienda/materiales/airbrush/propelente-copic-aircan-180-lata-de-aire/
2529,simple,False,Aerógrafos|Airbrush|Copic,Air Hose (manguera),https://www.boykot.cl/tienda/materiales/airbrush/manguera-copic-air-hose-manguera/
2528,simple,False,Cajas Acrílicas Copic|Copic|Display|Empty|Multiliners,Caja Acrílica-Para 4 Multiliner SP,https://www.boykot.cl/tienda/lapices/multiliners/contenedor-copic-caja-acrilica-para-4-multiliner-sp/
2527,simple,False,Copic,Contenedor Copic Wire Stand Para 72 Lápices (Soporte De Alambre),https://www.boykot.cl/tienda/copic/contenedor-copic-wire-stand-para-72-lapices-soporte-de-alambre/
2526,simple,False,Copic|Display,Contenedor Copic Block Stand Para 36 Lápices (Cubo Plástico),https://www.boykot.cl/tienda/marcadores/display/contenedor-copic-block-stand-para-36-lapices-cubo-plastico/
2518,simple,False,Copic|Lápices|Opaque White|Tinta,Opaque White-(30Cc) Pote,https://www.boykot.cl/tienda/marcadores/opaque-white/pintura-copic-opaque-white-30cc-pote/
2517,simple,False,Copic|Lápices|Sets,Atyou Spica set 2 &#8211; 6 un.,https://www.boykot.cl/tienda/lapices/sets-pens/set-copic-atyou-spica-set-gls-2-6-un/
2515,simple,False,Copic|Lápices|Sets,Atyou Spica Set &#8211; B 12 Un,https://www.boykot.cl/tienda/lapices/sets-pens/set-copic-atyou-spica-set-b-12-un/
2514,simple,False,Copic|Lápices|Sets,Atyou Spica-Set A 12 Un.,https://www.boykot.cl/tienda/lapices/sets-pens/set-copic-atyou-spica-set-a-12-un/
2487,simple,False,Lápices|Mangos para plumillas|Plumillas y mangos,Mango Plumilla-T-17 (Mapping Pen Holder),https://www.boykot.cl/tienda/lapices/plumillas-mangos/mango-plumilla-copic-t-17-mapping-pen-holder/
2477,simple,False,Lápices|Plumillas y mangos,School Pen NP-40Bk-EF (Punta Extra Fina) Negro,https://www.boykot.cl/tienda/lapices/plumillas-mangos/lapicera-tachikawa-school-pen-np-40bk-ef-punta-extrafina-negro/
2317,simple,False,Sets Copic,Set Copic Wide 12 Color Set C,https://www.boykot.cl/tienda/marcadores/sets-copic/set-copic-wide-12-color-set-c/
2316,simple,False,Sets Copic,Set Copic Wide 12 Color Set B,https://www.boykot.cl/tienda/marcadores/sets-copic/set-copic-wide-12-color-set-b/
2315,simple,False,Sets Copic,Set Copic Wide 12 Color Set A,https://www.boykot.cl/tienda/marcadores/sets-copic/set-copic-wide-12-color-set-a/
2238,simple,False,Sets Copic,Marker 72 Color Set A,https://www.boykot.cl/tienda/marcadores/sets-copic/copic-marker-72-color-set-a/
2236,simple,False,Sets Copic,Marker 12 Color Set Wg &#8211; Warm Gray,https://www.boykot.cl/tienda/marcadores/sets-copic/copic-marker-12-color-set-wg-warm-gray/
2184,simple,False,Accesorios|Sellantes y aditivos|Sellantes y aditivos,Angelus Preparador-Leather Preparer/Deglazer 4 onzas,https://www.boykot.cl/tienda/pintura/angelus/accesorios/preparador-angelus-leather-preparer-deglazer/
1789,simple,False,Angelus|Pinceles,Angelus Pinceles,https://www.boykot.cl/tienda/materiales/pinceles/pinceles-angelus-complete-14-piece-brush-set-set-14-pinceles/
1788,simple,False,Pinceles,Angelus Pinceles-6 Shader,https://www.boykot.cl/tienda/materiales/pinceles/pinceles-angelus-brush-6-shader/
1787,simple,False,Pinceles,Angelus Pinceles-5/0 Spotter,https://www.boykot.cl/tienda/materiales/pinceles/pinceles-angelus-brush-5-0-spotter/
1786,simple,False,Pinceles,Angelus Pinceles-3/8 Angular Shader,https://www.boykot.cl/tienda/materiales/pinceles/pinceles-angelus-brush-3-8-angular-shader/
1785,simple,False,Pinceles,Angelus Pinceles-20/0 Spotter,https://www.boykot.cl/tienda/materiales/pinceles/pinceles-angelus-brush-20-0-spotter/
1782,simple,False,Pinceles,Angelus Pinceles-2 Shader,https://www.boykot.cl/tienda/materiales/pinceles/pinceles-angelus-brush-2-shader/
1781,simple,False,Pinceles,Angelus Pinceles-2 Round,https://www.boykot.cl/tienda/materiales/pinceles/pinceles-angelus-brush-2-round/
1780,simple,False,Pinceles,Angelus Pinceles-2 Filbert,https://www.boykot.cl/tienda/materiales/pinceles/pinceles-angelus-brush-2-filbert/
1779,simple,False,Pinceles,Angelus Pinceles-2 Angular,https://www.boykot.cl/tienda/materiales/pinceles/pinceles-angelus-brush-2-angular/
1778,simple,False,Pinceles,Angelus Pinceles-18/0 Short Liner,https://www.boykot.cl/tienda/materiales/pinceles/pinceles-angelus-brush-18-0-short-liner/
1777,simple,False,Pinceles,Angelus Pinceles-10 Shader,https://www.boykot.cl/tienda/materiales/pinceles/pinceles-angelus-brush-10-shader/
1776,simple,False,Pinceles,Angelus Pinceles-1/4 Angular shader,https://www.boykot.cl/tienda/materiales/pinceles/pinceles-angelus-brush-1-4-angular-shader/
1772,simple,False,Pinceles,Angelus Pinceles-1/2 Angular Shader,https://www.boykot.cl/tienda/materiales/pinceles/pinceles-angelus-brush-1-2-angular-shader/
1771,simple,False,Pinceles,Angelus Pinceles-1 Round,https://www.boykot.cl/tienda/materiales/pinceles/pinceles-angelus-brush-1-round/
1770,simple,False,Pinceles,Angelus Pinceles-1 Angular Shade,https://www.boykot.cl/tienda/materiales/pinceles/pinceles-angelus-brush-1-angular-shade/
1708,simple,False,Accesorios|Airbrush|Angelus,Angelus Airbrush-Airbrush (Kit Aerografo Compresor),https://www.boykot.cl/tienda/materiales/angelus-materiales/airbrush-angelus-airbrush-kit-aerografo-compresor-airbrush-combo-kit/
1683,simple,False,Accesorios|Angelus|Pintura,Masking Tape-talon Blue Painters Tape (azul Pro),https://www.boykot.cl/tienda/pintura/angelus/accesorios/angelus-pro-mask-tape-with-bloc-it-clean-line-technology-masking-azul-pro/
1676,simple,False,Accesorios|Angelus,Premium Microfiber Towel-Toalla negra,https://www.boykot.cl/tienda/pintura/angelus/accesorios/angelus-premium-microfiber-towel-toalla/
1669,simple,False,Accesorios|Angelus|Pintura,Fiskars-fiskars Standars Blades #11 (cuchillas De Repuesto),https://www.boykot.cl/tienda/pintura/angelus/accesorios/angelus-fiskars-replacement-blades-cuchillas-de-repuesto/
1668,simple,False,Accesorios|Angelus|Pintura,Fiskars-fiskars Swivel Blade (cuchilla Giratoria 360 Blanco),https://www.boykot.cl/tienda/pintura/angelus/accesorios/angelus-fiskars-fingertip-swivel-blade-cuchillo-chico-rotatorio/
1665,simple,False,Accesorios|Angelus|Pintura,Fiskars-fiskars Finger-loop (cuchillo De Precision Naranjo),https://www.boykot.cl/tienda/pintura/angelus/accesorios/angelus-fiskars-fingertip-series-blade-cuchillo-grande/
1664,simple,False,Accesorios|Angelus|Fiskars,Fiskars-Fiskars Durable Detail knife with soft grip (Bisturi),https://www.boykot.cl/tienda/materiales/angelus-materiales/angelus-fiskars-durable-detail-knife-with-soft-grip-cartonero-con-grip/
1662,simple,False,Accesorios|Angelus|Angelus,Frasco vacio para mezclar 1 oz,https://www.boykot.cl/tienda/materiales/angelus-materiales/angelus-empty-mixing-jar-frasco-vacio-para-mezclar-1-onza/
1661,simple,False,Angelus|Pegamento|Pintura|Sellantes y aditivos|Sellantes y aditivos,Angelus pegamento shoe cement,https://www.boykot.cl/tienda/materiales/angelus-materiales/angelus-clear-shoe-cement-pegamento-pegamento-estandar/
